-- phpMyAdmin SQL Dump
-- version 4.9.5
-- https://www.phpmyadmin.net/
--
-- Host: localhost:3306
-- Generation Time: Nov 11, 2020 at 08:33 PM
-- Server version: 10.3.25-MariaDB
-- PHP Version: 7.3.6

SET SQL_MODE = "NO_AUTO_VALUE_ON_ZERO";
SET AUTOCOMMIT = 0;
START TRANSACTION;
SET time_zone = "+00:00";


/*!40101 SET @OLD_CHARACTER_SET_CLIENT=@@CHARACTER_SET_CLIENT */;
/*!40101 SET @OLD_CHARACTER_SET_RESULTS=@@CHARACTER_SET_RESULTS */;
/*!40101 SET @OLD_COLLATION_CONNECTION=@@COLLATION_CONNECTION */;
/*!40101 SET NAMES utf8mb4 */;

--
-- Database: `u3275939_ketosin_2019`
--

-- --------------------------------------------------------

--
-- Table structure for table `admin`
--

CREATE TABLE `admin` (
  `id` int(11) NOT NULL,
  `user` varchar(40) NOT NULL,
  `pass` varchar(32) NOT NULL
) ENGINE=InnoDB DEFAULT CHARSET=latin1;

--
-- Dumping data for table `admin`
--

INSERT INTO `admin` (`id`, `user`, `pass`) VALUES
(4, 'nadia', 'a2e8cea3392da09d1d31be3fca68efed');

-- --------------------------------------------------------

--
-- Table structure for table `jurusan`
--

CREATE TABLE `jurusan` (
  `id` int(5) NOT NULL,
  `nama` varchar(50) NOT NULL
) ENGINE=InnoDB DEFAULT CHARSET=latin1;

--
-- Dumping data for table `jurusan`
--

INSERT INTO `jurusan` (`id`, `nama`) VALUES
(1, 'Administrasi Perkantoran'),
(2, 'Akuntansi'),
(3, 'Multimedia'),
(4, 'Perbankan'),
(5, 'Rekayasa Perangkat Lunak'),
(6, 'Tata Niaga'),
(7, 'Teknik Komputer Jaringan'),
(8, 'Teknik Produksi Penyiaran Radio dan Pertelevisian'),
(9, 'Perfilman'),
(10, 'XI PKM - X OTKP'),
(11, 'XI MM - X PKM');

-- --------------------------------------------------------

--
-- Table structure for table `kandidat`
--

CREATE TABLE `kandidat` (
  `id` int(5) NOT NULL,
  `nama` text NOT NULL,
  `kelas` varchar(3) NOT NULL,
  `biodata` text NOT NULL,
  `visi` text NOT NULL,
  `misi` text NOT NULL,
  `slogan` varchar(150) NOT NULL,
  `kata` text NOT NULL,
  `id_jurusan` int(5) NOT NULL,
  `foto` varchar(255) NOT NULL
) ENGINE=InnoDB DEFAULT CHARSET=latin1;

--
-- Dumping data for table `kandidat`
--

INSERT INTO `kandidat` (`id`, `nama`, `kelas`, `biodata`, `visi`, `misi`, `slogan`, `kata`, `id_jurusan`, `foto`) VALUES
(3, 'Novelia Indah - Risky Adi Putra', '', '', '<p>Menciptakan sekolah yang be religius, be smart and have fun dan mampu bersaing serta bersinergi di masyarakat.</p>\r\n', '<p>1. Meningkatkan kegiatan keagamaan di SMKN 1 BONDOWOSO.</p>\r\n\r\n<p>2. Meningkatkan mutu kerja OSIS SMKN 1 BONDOWOSO.</p>\r\n\r\n<p>3. Mengembangkan kreatifitas, bakat, minat dan potensi siswa melalui kegiatan kurikuler, ekstra kurikuler maupun organisasi.</p>\r\n\r\n<p>4. Melanjutkan dan meningkatkan program kerja OSIS yang sebelumnya.</p>\r\n', 'Tangguh, Tangkas,Tanggap', ' ', 10, 'paslon1.png'),
(4, 'Lely Catur Hariyanto - Dila Adelia Juliarti', '', '', '<p>Menciptakan lingkungan sekolah yang menginspirasi melalui karya seni dan teknologi informasi untuk menghasilkan prestasi.</p>\r\n', '<p>1. Mengadakan kegiatan yang berhubungan dengan pengembangan imtaq.</p>\r\n\r\n<p>2. Mengajak siswa untuk mengekspresikan diri melalui karya seni dan teknologi informasi.</p>\r\n\r\n<p>3. Menyalurkan bakat para siswa melalui pameran seni, bazar dan classmeeting.</p>\r\n\r\n<p>4. Menerapkan PBHS (Perilaku Hidup Bersih dan Sehat).</p>\r\n', 'Tegas, Disiplin, Santuy', ' ', 11, 'paslon2.png');

-- --------------------------------------------------------

--
-- Table structure for table `pemilihan`
--

CREATE TABLE `pemilihan` (
  `id` int(5) NOT NULL,
  `id_peserta` int(5) NOT NULL,
  `id_kandidat` int(5) NOT NULL
) ENGINE=InnoDB DEFAULT CHARSET=latin1;

--
-- Dumping data for table `pemilihan`
--

INSERT INTO `pemilihan` (`id`, `id_peserta`, `id_kandidat`) VALUES
(4, 1531, 3),
(6, 1515, 4),
(7, 1489, 3),
(8, 1491, 3),
(9, 1559, 4),
(10, 1534, 3),
(11, 1557, 4),
(12, 1525, 3),
(13, 1501, 4),
(14, 1512, 3),
(15, 1536, 4),
(16, 1496, 4),
(17, 1514, 4),
(18, 1549, 4),
(19, 1484, 3),
(20, 1494, 4),
(21, 1508, 4),
(22, 1529, 4),
(23, 1510, 3),
(24, 1497, 3),
(26, 1539, 3),
(27, 1499, 3),
(28, 1562, 4),
(29, 1509, 4),
(30, 1498, 3),
(31, 1490, 4),
(32, 1540, 4),
(33, 76, 3),
(34, 92, 4),
(35, 73, 3),
(36, 86, 4),
(37, 80, 3),
(38, 94, 3),
(39, 98, 4),
(40, 75, 3),
(41, 77, 3),
(42, 88, 3),
(43, 70, 3),
(44, 95, 4),
(45, 91, 4),
(46, 97, 4),
(47, 96, 4),
(48, 68, 4),
(49, 69, 3),
(50, 81, 3),
(51, 72, 3),
(52, 74, 3),
(53, 85, 4),
(54, 78, 3),
(55, 84, 3),
(56, 87, 4),
(57, 79, 3),
(58, 82, 3),
(59, 93, 4),
(60, 99, 3),
(61, 83, 4),
(62, 67, 3),
(63, 114, 3),
(64, 112, 3),
(65, 122, 3),
(66, 131, 3),
(67, 106, 3),
(68, 119, 3),
(69, 124, 3),
(70, 101, 3),
(71, 129, 4),
(72, 111, 4),
(73, 100, 3),
(74, 128, 3),
(75, 109, 3),
(76, 105, 3),
(77, 102, 3),
(78, 103, 3),
(79, 118, 3),
(80, 127, 3),
(81, 110, 3),
(82, 126, 3),
(83, 123, 3),
(84, 71, 4),
(85, 107, 3),
(86, 104, 3),
(87, 130, 3),
(88, 116, 3),
(89, 113, 3),
(90, 115, 3),
(91, 90, 4),
(92, 3, 3),
(93, 28, 3),
(94, 18, 4),
(95, 19, 3),
(96, 25, 4),
(97, 24, 3),
(98, 27, 4),
(99, 11, 3),
(100, 6, 3),
(101, 30, 3),
(102, 10, 3),
(103, 5, 3),
(104, 14, 3),
(105, 4, 3),
(106, 1, 3),
(107, 22, 4),
(108, 15, 4),
(109, 20, 4),
(110, 23, 3),
(111, 9, 3),
(112, 17, 3),
(113, 26, 3),
(114, 2, 3),
(115, 8, 3),
(116, 31, 3),
(117, 21, 3),
(118, 7, 4),
(119, 12, 4),
(120, 32, 3),
(121, 29, 3),
(122, 16, 3),
(123, 13, 4),
(124, 33, 3),
(125, 42, 3),
(126, 43, 3),
(127, 59, 3),
(128, 57, 3),
(129, 40, 3),
(130, 63, 4),
(131, 64, 3),
(132, 41, 4),
(133, 37, 3),
(134, 1553, 4),
(135, 66, 4),
(136, 1593, 4),
(137, 39, 4),
(138, 58, 3),
(139, 45, 4),
(140, 49, 3),
(141, 62, 4),
(142, 50, 4),
(143, 48, 4),
(144, 65, 4),
(145, 55, 4),
(146, 46, 3),
(147, 38, 4),
(148, 61, 4),
(149, 60, 4),
(150, 51, 4),
(151, 52, 4),
(152, 44, 3),
(153, 56, 3),
(154, 34, 4),
(155, 36, 4),
(156, 35, 4),
(157, 117, 4),
(158, 47, 4),
(159, 108, 3),
(160, 249, 4),
(161, 256, 4),
(162, 267, 4),
(164, 265, 4),
(165, 264, 3),
(166, 257, 4),
(167, 261, 4),
(168, 262, 4),
(169, 258, 4),
(170, 266, 4),
(171, 263, 4),
(172, 259, 3),
(173, 252, 4),
(174, 250, 4),
(175, 251, 4),
(176, 254, 4),
(177, 253, 4),
(178, 1606, 4),
(179, 120, 3),
(180, 1587, 4),
(181, 221, 4),
(182, 225, 4),
(183, 223, 4),
(184, 201, 4),
(185, 211, 4),
(186, 217, 4),
(187, 218, 4),
(188, 231, 4),
(189, 228, 4),
(190, 203, 4),
(191, 222, 4),
(192, 220, 4),
(193, 213, 4),
(194, 219, 4),
(195, 226, 4),
(196, 206, 4),
(197, 229, 4),
(198, 204, 4),
(199, 202, 4),
(200, 224, 4),
(201, 216, 4),
(202, 227, 4),
(203, 885, 4),
(204, 205, 4),
(205, 208, 4),
(206, 209, 4),
(207, 230, 4),
(208, 200, 4),
(209, 214, 4),
(210, 866, 3),
(211, 297, 4),
(212, 296, 3),
(213, 283, 3),
(214, 299, 4),
(215, 294, 4),
(216, 882, 4),
(217, 282, 4),
(218, 300, 4),
(219, 287, 3),
(220, 286, 3),
(221, 292, 3),
(222, 295, 4),
(223, 845, 4),
(224, 1546, 4),
(225, 879, 3),
(226, 851, 4),
(227, 284, 3),
(228, 288, 3),
(229, 290, 3),
(230, 285, 3),
(231, 886, 3),
(232, 313, 3),
(233, 291, 3),
(234, 312, 3),
(235, 303, 3),
(236, 305, 3),
(237, 310, 3),
(238, 872, 3),
(239, 304, 4),
(240, 1522, 3),
(241, 327, 4),
(242, 331, 4),
(243, 844, 4),
(244, 317, 4),
(245, 333, 4),
(246, 874, 3),
(247, 328, 4),
(248, 330, 4),
(249, 332, 3),
(250, 315, 4),
(251, 329, 4),
(252, 836, 3),
(253, 215, 4),
(254, 212, 4),
(255, 314, 4),
(256, 837, 3),
(258, 289, 4),
(259, 308, 4),
(260, 833, 4),
(261, 842, 3),
(262, 309, 4),
(263, 859, 4),
(264, 301, 4),
(265, 321, 3),
(266, 322, 3),
(267, 843, 3),
(268, 320, 3),
(269, 318, 3),
(270, 319, 3),
(271, 950, 4),
(272, 847, 3),
(273, 325, 3),
(274, 324, 3),
(275, 316, 3),
(276, 326, 3),
(277, 853, 3),
(278, 951, 4),
(279, 857, 4),
(280, 302, 4),
(281, 307, 4),
(282, 298, 4),
(283, 860, 3),
(284, 880, 3),
(285, 884, 3),
(286, 306, 4),
(287, 393, 4),
(288, 889, 4),
(289, 534, 4),
(290, 281, 4),
(291, 396, 4),
(292, 53, 4),
(293, 1570, 3),
(294, 1526, 3),
(295, 1524, 3),
(296, 1488, 4),
(297, 840, 4),
(298, 407, 4),
(299, 398, 4),
(300, 400, 4),
(301, 397, 4),
(302, 1532, 3),
(303, 384, 4),
(304, 388, 4),
(305, 411, 4),
(306, 408, 4),
(307, 386, 4),
(308, 412, 3),
(310, 404, 4),
(311, 405, 3),
(312, 394, 3),
(313, 417, 4),
(314, 385, 4),
(315, 401, 4),
(316, 415, 4),
(317, 406, 4),
(318, 410, 4),
(319, 383, 4),
(320, 395, 4),
(321, 399, 4),
(322, 389, 4),
(323, 390, 4),
(324, 402, 4),
(325, 835, 4),
(326, 416, 4),
(327, 442, 4),
(328, 443, 4),
(329, 427, 4),
(330, 430, 4),
(331, 423, 4),
(332, 421, 4),
(333, 448, 4),
(334, 438, 4),
(335, 434, 4),
(336, 447, 3),
(337, 451, 4),
(338, 440, 4),
(339, 445, 4),
(340, 429, 4),
(341, 428, 3),
(342, 446, 4),
(343, 449, 4),
(344, 435, 4),
(345, 433, 4),
(346, 450, 4),
(347, 432, 4),
(348, 444, 4),
(349, 452, 4),
(350, 425, 4),
(351, 437, 4),
(352, 426, 4),
(353, 424, 3),
(354, 422, 4),
(355, 539, 4),
(356, 439, 4),
(357, 441, 4),
(358, 436, 4),
(359, 466, 4),
(360, 487, 4),
(361, 482, 4),
(362, 464, 4),
(363, 484, 4),
(364, 477, 3),
(365, 454, 4),
(366, 457, 4),
(367, 468, 4),
(368, 469, 4),
(369, 456, 4),
(370, 470, 4),
(371, 455, 4),
(372, 461, 4),
(373, 476, 4),
(374, 480, 4),
(375, 467, 4),
(376, 471, 4),
(377, 474, 4),
(378, 462, 4),
(379, 473, 4),
(380, 876, 4),
(381, 463, 4),
(382, 537, 4),
(383, 481, 4),
(384, 459, 4),
(385, 54, 3),
(386, 483, 3),
(387, 121, 3),
(388, 125, 3),
(389, 207, 4),
(390, 582, 4),
(391, 816, 4),
(392, 1567, 4),
(393, 563, 4),
(394, 830, 4),
(395, 871, 3),
(396, 568, 4),
(397, 1506, 4),
(398, 626, 3),
(399, 580, 4),
(400, 632, 3),
(401, 636, 4),
(402, 578, 4),
(403, 524, 4),
(404, 271, 4),
(405, 260, 4),
(406, 277, 3),
(407, 270, 3),
(408, 269, 3),
(409, 273, 4),
(410, 274, 4),
(411, 280, 4),
(412, 268, 4),
(413, 279, 4),
(414, 275, 4),
(415, 276, 3),
(416, 573, 4),
(417, 621, 4),
(418, 278, 3),
(419, 540, 4),
(420, 293, 4),
(421, 272, 3),
(422, 887, 4),
(423, 640, 4),
(424, 337, 3),
(426, 335, 3),
(427, 336, 3),
(428, 557, 4),
(429, 338, 4),
(430, 339, 3),
(431, 340, 3),
(432, 344, 3),
(433, 345, 4),
(434, 341, 3),
(435, 343, 3),
(436, 342, 3),
(437, 334, 3),
(438, 639, 4),
(439, 982, 4),
(440, 633, 4),
(441, 453, 4),
(442, 975, 4),
(443, 971, 4),
(444, 642, 4),
(445, 638, 4),
(446, 811, 4),
(447, 976, 4),
(448, 625, 4),
(449, 627, 4),
(451, 900, 3),
(452, 631, 4),
(453, 620, 4),
(454, 619, 4),
(455, 623, 4),
(456, 616, 4),
(457, 1561, 4),
(458, 414, 4),
(459, 413, 4),
(460, 409, 4),
(461, 387, 4),
(462, 382, 3),
(463, 210, 4),
(464, 391, 4),
(465, 392, 4),
(466, 370, 4),
(467, 376, 4),
(468, 375, 4),
(470, 355, 4),
(471, 349, 4),
(472, 356, 4),
(473, 377, 4),
(474, 365, 4),
(475, 367, 4),
(476, 363, 4),
(477, 368, 4),
(478, 357, 4),
(479, 359, 4),
(480, 366, 4),
(481, 361, 4),
(482, 647, 4),
(483, 372, 4),
(484, 371, 4),
(485, 364, 4),
(486, 379, 3),
(487, 358, 4),
(488, 351, 4),
(489, 380, 4),
(490, 346, 4),
(491, 353, 4),
(492, 630, 4),
(493, 360, 4),
(494, 350, 4),
(495, 378, 4),
(496, 850, 4),
(497, 892, 4),
(498, 503, 4),
(499, 519, 4),
(500, 495, 4),
(501, 507, 4),
(503, 509, 4),
(504, 517, 4),
(505, 499, 3),
(506, 491, 4),
(507, 496, 3),
(508, 504, 4),
(509, 522, 4),
(510, 518, 4),
(511, 500, 4),
(512, 894, 4),
(513, 521, 4),
(514, 498, 4),
(515, 514, 4),
(516, 497, 4),
(517, 493, 4),
(518, 891, 4),
(519, 516, 4),
(520, 515, 4),
(521, 494, 3),
(522, 501, 4),
(523, 506, 4),
(524, 520, 4),
(525, 512, 4),
(527, 490, 4),
(528, 510, 4),
(529, 511, 4),
(530, 505, 4),
(531, 502, 4),
(532, 492, 4),
(533, 861, 4),
(534, 637, 4),
(535, 912, 4),
(536, 243, 4),
(537, 248, 3),
(538, 241, 4),
(539, 236, 4),
(540, 238, 3),
(541, 239, 3),
(542, 235, 3),
(543, 245, 4),
(544, 1483, 3),
(545, 240, 3),
(546, 246, 3),
(547, 237, 4),
(548, 244, 4),
(549, 232, 4),
(550, 242, 4),
(551, 897, 4),
(552, 234, 3),
(553, 247, 4),
(554, 905, 3),
(555, 362, 4),
(556, 369, 4),
(557, 354, 4),
(558, 373, 4),
(559, 1608, 3),
(560, 489, 4),
(561, 381, 4),
(562, 513, 4),
(563, 348, 4),
(564, 374, 4),
(565, 352, 4),
(566, 523, 4),
(567, 903, 4),
(569, 883, 3),
(570, 898, 4),
(571, 136, 4),
(572, 133, 4),
(573, 163, 4),
(574, 906, 4),
(575, 157, 4),
(576, 132, 4),
(577, 135, 3),
(578, 138, 4),
(579, 141, 4),
(580, 140, 3),
(581, 155, 4),
(582, 165, 4),
(583, 142, 4),
(584, 159, 4),
(585, 651, 4),
(586, 164, 4),
(587, 156, 4),
(588, 139, 4),
(589, 692, 4),
(590, 652, 4),
(591, 895, 4),
(592, 660, 4),
(593, 162, 4),
(594, 913, 4),
(595, 161, 4),
(596, 158, 4),
(597, 677, 4),
(598, 144, 4),
(599, 147, 4),
(600, 143, 4),
(601, 691, 4),
(602, 643, 4),
(603, 134, 4),
(604, 137, 4),
(605, 145, 4),
(606, 696, 4),
(607, 663, 4),
(608, 671, 4),
(609, 688, 4),
(610, 664, 4),
(611, 656, 4),
(612, 679, 4),
(613, 419, 4),
(614, 932, 4),
(615, 655, 4),
(616, 657, 4),
(617, 569, 3),
(618, 673, 4),
(619, 168, 4),
(620, 628, 4),
(621, 172, 4),
(622, 196, 4),
(623, 939, 4),
(624, 170, 4),
(625, 680, 4),
(626, 661, 4),
(627, 166, 4),
(628, 167, 4),
(629, 169, 4),
(630, 658, 4),
(631, 171, 4),
(632, 173, 4),
(633, 659, 4),
(634, 174, 4),
(635, 175, 4),
(636, 176, 4),
(637, 667, 4),
(639, 670, 4),
(640, 650, 4),
(641, 1609, 4),
(642, 649, 4),
(643, 662, 4),
(644, 181, 4),
(645, 183, 4),
(646, 184, 4),
(647, 185, 4),
(648, 182, 4),
(649, 177, 4),
(651, 668, 4),
(652, 186, 4),
(653, 187, 4),
(654, 188, 4),
(655, 179, 4),
(656, 543, 3),
(657, 700, 4),
(658, 190, 4),
(659, 189, 4),
(660, 191, 4),
(661, 192, 4),
(662, 194, 4),
(663, 180, 4),
(664, 193, 4),
(665, 930, 4),
(666, 195, 4),
(667, 199, 4),
(668, 178, 4),
(669, 682, 4),
(670, 198, 4),
(671, 542, 3),
(672, 347, 4),
(673, 197, 4),
(674, 530, 3),
(675, 868, 4),
(676, 465, 4),
(677, 1505, 3),
(678, 475, 4),
(679, 694, 4),
(680, 535, 3),
(681, 684, 4),
(682, 549, 3),
(683, 556, 3),
(684, 553, 4),
(685, 527, 3),
(686, 555, 4),
(687, 689, 4),
(688, 148, 4),
(689, 153, 4),
(690, 149, 4),
(691, 146, 3),
(692, 698, 4),
(693, 526, 3),
(694, 907, 3),
(695, 150, 4),
(696, 699, 4),
(697, 531, 3),
(698, 695, 4),
(699, 533, 3),
(700, 1610, 4),
(701, 574, 4),
(702, 1014, 3),
(703, 566, 4),
(704, 690, 4),
(705, 160, 4),
(706, 683, 4),
(707, 571, 4),
(708, 561, 4),
(709, 870, 4),
(710, 915, 3),
(711, 945, 4),
(712, 935, 4),
(713, 943, 4),
(714, 948, 4),
(715, 634, 4),
(716, 808, 4),
(717, 617, 4),
(718, 629, 4),
(719, 570, 4),
(720, 1356, 3),
(721, 576, 3),
(722, 674, 4),
(723, 676, 4),
(724, 675, 4),
(725, 653, 4),
(726, 646, 3),
(727, 645, 3),
(728, 562, 3),
(729, 654, 4),
(730, 641, 4),
(731, 618, 3),
(732, 585, 3),
(733, 586, 3),
(734, 588, 4),
(735, 591, 3),
(736, 590, 4),
(737, 560, 4),
(738, 592, 3),
(739, 593, 4),
(740, 635, 3),
(741, 596, 4),
(742, 597, 3),
(743, 598, 3),
(744, 600, 4),
(745, 602, 4),
(746, 603, 4),
(747, 609, 4),
(748, 606, 3),
(749, 605, 3),
(750, 613, 4),
(751, 607, 3),
(752, 615, 4),
(753, 701, 4),
(754, 614, 4),
(755, 604, 4),
(756, 577, 4),
(757, 587, 3),
(758, 610, 4),
(759, 584, 4),
(760, 595, 4),
(761, 608, 4),
(762, 1535, 3),
(763, 1355, 4),
(764, 888, 3),
(765, 863, 3),
(766, 525, 3),
(767, 737, 3),
(768, 738, 3),
(769, 825, 4),
(770, 739, 3),
(771, 740, 3),
(772, 742, 3),
(773, 741, 4),
(774, 528, 3),
(775, 743, 4),
(776, 746, 4),
(777, 745, 3),
(778, 744, 4),
(779, 750, 4),
(780, 749, 4),
(781, 529, 3),
(782, 752, 3),
(783, 753, 4),
(784, 755, 3),
(785, 748, 4),
(786, 756, 3),
(787, 759, 4),
(788, 760, 3),
(789, 761, 3),
(790, 764, 3),
(791, 765, 3),
(792, 762, 4),
(793, 766, 3),
(794, 768, 4),
(795, 767, 4),
(796, 536, 3),
(797, 763, 4),
(798, 754, 4),
(799, 548, 4),
(800, 550, 4),
(801, 589, 4),
(802, 709, 3),
(803, 686, 4),
(804, 722, 3),
(805, 856, 3),
(806, 727, 3),
(807, 721, 3),
(808, 862, 3),
(809, 705, 3),
(810, 720, 3),
(811, 704, 3),
(812, 707, 3),
(813, 864, 3),
(814, 708, 3),
(815, 716, 3),
(816, 712, 3),
(817, 710, 3),
(818, 865, 3),
(819, 834, 3),
(820, 706, 3),
(821, 713, 3),
(822, 724, 3),
(823, 717, 3),
(824, 715, 3),
(825, 735, 3),
(826, 732, 3),
(827, 714, 3),
(829, 711, 3),
(830, 725, 3),
(831, 867, 3),
(832, 734, 3),
(833, 733, 3),
(834, 731, 3),
(835, 729, 3),
(836, 730, 3),
(837, 838, 3),
(838, 726, 3),
(839, 839, 3),
(840, 599, 3),
(841, 723, 3),
(842, 841, 3),
(843, 601, 3),
(844, 869, 3),
(845, 846, 3),
(846, 848, 3),
(847, 538, 3),
(848, 849, 3),
(849, 873, 3),
(850, 875, 3),
(851, 852, 3),
(852, 877, 3),
(853, 878, 3),
(854, 881, 3),
(855, 854, 3),
(856, 1061, 4),
(857, 855, 3),
(858, 1065, 3),
(859, 1064, 3),
(860, 1059, 3),
(861, 858, 4),
(862, 1053, 3),
(863, 1066, 3),
(864, 1069, 3),
(865, 1067, 4),
(866, 1076, 3),
(867, 1046, 4),
(868, 1052, 3),
(869, 1060, 3),
(870, 1074, 4),
(871, 1079, 3),
(872, 1068, 3),
(873, 1056, 4),
(874, 890, 3),
(875, 1051, 3),
(876, 923, 3),
(877, 1055, 3),
(878, 924, 3),
(879, 893, 3),
(880, 925, 3),
(881, 926, 3),
(882, 927, 3),
(884, 1077, 3),
(885, 928, 3),
(886, 1073, 4),
(887, 896, 3),
(888, 929, 3),
(889, 931, 3),
(890, 933, 3),
(891, 934, 3),
(892, 1078, 3),
(893, 1054, 4),
(894, 901, 3),
(895, 1057, 4),
(896, 902, 3),
(897, 936, 3),
(898, 937, 3),
(899, 938, 3),
(900, 1075, 3),
(901, 904, 3),
(902, 909, 3),
(903, 911, 3),
(904, 914, 3),
(905, 940, 3),
(906, 941, 3),
(907, 944, 3),
(908, 916, 3),
(909, 648, 4),
(910, 917, 3),
(911, 1071, 3),
(912, 1049, 3),
(913, 1070, 4),
(914, 918, 3),
(916, 946, 3),
(917, 947, 3),
(918, 1072, 3),
(919, 624, 4),
(920, 1063, 3),
(921, 919, 3),
(922, 949, 3),
(923, 921, 3),
(924, 920, 3),
(925, 1050, 3),
(926, 1047, 3),
(927, 1520, 3),
(928, 964, 3),
(929, 965, 3),
(930, 966, 3),
(931, 967, 3),
(932, 968, 3),
(933, 969, 3),
(934, 970, 3),
(935, 972, 3),
(936, 973, 3),
(937, 974, 3),
(938, 977, 3),
(939, 978, 3),
(940, 979, 3),
(941, 980, 3),
(942, 981, 3),
(943, 952, 3),
(944, 953, 3),
(945, 954, 3),
(946, 955, 3),
(947, 956, 3),
(948, 958, 3),
(949, 959, 3),
(950, 961, 3),
(951, 963, 3),
(952, 486, 3),
(953, 485, 3),
(954, 311, 3),
(955, 479, 3),
(957, 152, 3),
(958, 478, 3),
(959, 472, 3),
(960, 460, 3),
(961, 458, 3),
(962, 420, 3),
(963, 418, 3),
(964, 403, 3),
(965, 644, 3),
(966, 622, 3),
(967, 612, 3),
(968, 611, 3),
(969, 594, 3),
(970, 736, 3),
(971, 728, 3),
(972, 719, 3),
(973, 718, 3),
(974, 942, 3),
(975, 922, 3),
(976, 910, 3),
(977, 703, 4),
(978, 908, 3),
(979, 666, 4),
(980, 669, 4),
(981, 899, 3),
(982, 693, 4),
(983, 962, 3),
(984, 957, 4),
(985, 960, 3),
(986, 581, 3),
(987, 579, 3),
(988, 575, 3),
(989, 1228, 4),
(990, 572, 3),
(991, 567, 3),
(992, 565, 3),
(993, 1080, 3),
(994, 758, 3),
(995, 564, 3),
(996, 1229, 3),
(997, 559, 3),
(998, 757, 3),
(999, 1248, 3),
(1000, 558, 3),
(1001, 1230, 3),
(1002, 554, 3),
(1003, 1231, 4),
(1004, 985, 3),
(1005, 751, 3),
(1006, 1081, 3),
(1007, 552, 3),
(1008, 747, 3),
(1009, 551, 3),
(1010, 547, 3),
(1011, 1250, 4),
(1012, 1082, 3),
(1013, 1083, 4),
(1014, 546, 3),
(1015, 1233, 4),
(1016, 545, 3),
(1017, 983, 3),
(1018, 1252, 3),
(1019, 1160, 4),
(1020, 1234, 3),
(1021, 1084, 3),
(1022, 541, 3),
(1023, 987, 4),
(1024, 1161, 3),
(1025, 687, 4),
(1026, 532, 3),
(1027, 984, 3),
(1028, 583, 3),
(1029, 1085, 3),
(1030, 986, 3),
(1031, 1235, 4),
(1032, 1236, 3),
(1033, 1087, 3),
(1034, 1245, 3),
(1035, 1255, 3),
(1036, 1262, 3),
(1037, 665, 4),
(1038, 1237, 4),
(1039, 1261, 3),
(1040, 1239, 3),
(1041, 989, 3),
(1042, 1086, 3),
(1043, 1088, 3),
(1044, 1251, 3),
(1046, 1163, 3),
(1047, 1267, 3),
(1048, 1089, 3),
(1049, 1240, 3),
(1050, 1241, 4),
(1051, 990, 4),
(1052, 775, 3),
(1053, 1265, 3),
(1054, 1276, 4),
(1055, 802, 3),
(1056, 803, 3),
(1057, 1242, 4),
(1058, 1243, 3),
(1059, 804, 3),
(1060, 1266, 3),
(1061, 1164, 3),
(1062, 805, 3),
(1063, 1166, 3),
(1064, 776, 3),
(1065, 1244, 4),
(1066, 806, 3),
(1067, 807, 3),
(1068, 1090, 4),
(1069, 777, 3),
(1070, 809, 3),
(1071, 778, 3),
(1072, 1167, 3),
(1073, 810, 3),
(1074, 779, 3),
(1075, 780, 3),
(1076, 1092, 3),
(1077, 1091, 3),
(1078, 1272, 4),
(1079, 1168, 3),
(1080, 1269, 3),
(1081, 781, 3),
(1082, 812, 3),
(1083, 1263, 3),
(1084, 1165, 3),
(1085, 782, 3),
(1086, 813, 3),
(1087, 1093, 4),
(1088, 1270, 3),
(1089, 784, 3),
(1090, 1095, 3),
(1091, 1274, 3),
(1092, 783, 3),
(1093, 1279, 3),
(1094, 814, 3),
(1095, 815, 3),
(1096, 1169, 3),
(1097, 1280, 3),
(1098, 785, 3),
(1099, 1170, 3),
(1100, 1137, 4),
(1101, 992, 3),
(1102, 786, 3),
(1104, 817, 3),
(1105, 1138, 4),
(1106, 818, 3),
(1107, 819, 3),
(1108, 787, 3),
(1109, 1096, 3),
(1110, 1171, 3),
(1111, 1277, 4),
(1112, 788, 3),
(1113, 1172, 3),
(1114, 820, 3),
(1115, 1139, 4),
(1116, 789, 3),
(1117, 821, 3),
(1118, 790, 3),
(1119, 991, 3),
(1120, 1275, 4),
(1121, 1140, 4),
(1122, 791, 3),
(1123, 1173, 3),
(1124, 993, 4),
(1125, 1174, 3),
(1126, 822, 3),
(1127, 792, 3),
(1128, 1278, 3),
(1129, 793, 3),
(1130, 823, 3),
(1131, 824, 3),
(1132, 794, 3),
(1133, 994, 3),
(1135, 1097, 3),
(1136, 1143, 4),
(1137, 1271, 3),
(1138, 1176, 3),
(1139, 826, 3),
(1140, 795, 3),
(1141, 1100, 3),
(1142, 1142, 4),
(1143, 827, 3),
(1144, 828, 3),
(1145, 1013, 4),
(1146, 1175, 4),
(1147, 796, 3),
(1148, 829, 3),
(1149, 1258, 3),
(1150, 797, 3),
(1151, 1177, 4),
(1152, 1146, 3),
(1153, 798, 3),
(1154, 997, 3),
(1155, 1098, 3),
(1156, 799, 3),
(1157, 1147, 4),
(1158, 832, 3),
(1159, 800, 3),
(1160, 769, 3),
(1161, 1012, 3),
(1162, 770, 3),
(1163, 1179, 3),
(1164, 771, 3),
(1165, 999, 3),
(1166, 1101, 3),
(1167, 1144, 3),
(1169, 772, 3),
(1170, 1178, 3),
(1171, 773, 3),
(1172, 774, 3),
(1173, 1148, 4),
(1174, 801, 3),
(1175, 1254, 3),
(1176, 1180, 3),
(1177, 1011, 3),
(1178, 1001, 3),
(1179, 1099, 3),
(1180, 1182, 3),
(1181, 1010, 3),
(1182, 1002, 3),
(1183, 1104, 3),
(1184, 1181, 3),
(1185, 1145, 4),
(1186, 1149, 4),
(1187, 1253, 3),
(1188, 1183, 3),
(1189, 1102, 3),
(1190, 1105, 3),
(1191, 1003, 4),
(1192, 1151, 4),
(1193, 1184, 3),
(1194, 1542, 4),
(1195, 1185, 3),
(1196, 1008, 4),
(1197, 1259, 3),
(1198, 1150, 4),
(1199, 1152, 4),
(1200, 1005, 3),
(1201, 1106, 4),
(1202, 1186, 3),
(1203, 1268, 3),
(1204, 1007, 3),
(1205, 1162, 3),
(1206, 1153, 4),
(1207, 1154, 4),
(1208, 1004, 4),
(1209, 1108, 4),
(1210, 1155, 4),
(1211, 1156, 4),
(1212, 1157, 4),
(1213, 1006, 3),
(1215, 1159, 4),
(1216, 1107, 3),
(1217, 1158, 4),
(1218, 1141, 4),
(1219, 1110, 3),
(1220, 1015, 4),
(1221, 1249, 3),
(1222, 1111, 3),
(1223, 1187, 4),
(1224, 1017, 3),
(1225, 1246, 3),
(1226, 1112, 3),
(1227, 1189, 4),
(1228, 1190, 3),
(1229, 1000, 3),
(1230, 1115, 4),
(1231, 1256, 3),
(1232, 1114, 4),
(1233, 1019, 4),
(1234, 1260, 3),
(1235, 1113, 3),
(1236, 1191, 3),
(1237, 1116, 4),
(1238, 1117, 4),
(1239, 1192, 3),
(1240, 1021, 4),
(1241, 1044, 4),
(1243, 1193, 3),
(1244, 1118, 3),
(1245, 1119, 4),
(1247, 1022, 3),
(1248, 1121, 4),
(1249, 1195, 3),
(1250, 1043, 4),
(1252, 1123, 4),
(1253, 1196, 3),
(1254, 1124, 3),
(1255, 1023, 3),
(1256, 1042, 3),
(1257, 1127, 4),
(1258, 1197, 4),
(1259, 1198, 3),
(1260, 1024, 4),
(1261, 1128, 4),
(1262, 1201, 4),
(1263, 1129, 4),
(1265, 1041, 3),
(1267, 1025, 4),
(1268, 1202, 3),
(1269, 1040, 3),
(1271, 1203, 3),
(1272, 1026, 3),
(1274, 1204, 4),
(1276, 1205, 3),
(1278, 1039, 4),
(1279, 1133, 4),
(1280, 1207, 3),
(1281, 1027, 4),
(1282, 1134, 4),
(1283, 1208, 4),
(1284, 678, 4),
(1285, 1136, 4),
(1286, 1135, 4),
(1287, 1038, 3),
(1288, 1028, 4),
(1289, 1209, 3),
(1290, 1210, 3),
(1292, 1211, 3),
(1293, 681, 4),
(1294, 1029, 4),
(1296, 1036, 3),
(1300, 1030, 3),
(1302, 1035, 4),
(1308, 1034, 4),
(1316, 1031, 3),
(1320, 1033, 4),
(1343, 1227, 3),
(1350, 1212, 4),
(1351, 1218, 3),
(1353, 1214, 3),
(1354, 1224, 3),
(1355, 1213, 4),
(1356, 1216, 3),
(1358, 1222, 4),
(1359, 1217, 4),
(1360, 1215, 3),
(1361, 1226, 3),
(1362, 1219, 3),
(1363, 1223, 3),
(1364, 1220, 4),
(1369, 1541, 4),
(1372, 1486, 4),
(1375, 1558, 4),
(1376, 1103, 3),
(1378, 1094, 3),
(1379, 1062, 3),
(1380, 1058, 3),
(1382, 1048, 3),
(1383, 1348, 3),
(1384, 1349, 3),
(1385, 1350, 3),
(1386, 1352, 3),
(1387, 1289, 3),
(1388, 1354, 3),
(1389, 1353, 3),
(1390, 1320, 3),
(1392, 1290, 3),
(1393, 1321, 3),
(1397, 1322, 3),
(1398, 1324, 3),
(1399, 1325, 3),
(1400, 1291, 3),
(1401, 1351, 3),
(1402, 1326, 3),
(1403, 1327, 3),
(1404, 1292, 3),
(1406, 1293, 3),
(1408, 1328, 3),
(1410, 1295, 3),
(1411, 1281, 3),
(1412, 1347, 4),
(1413, 1282, 4),
(1414, 1330, 3),
(1415, 1331, 3),
(1416, 1346, 4),
(1417, 1284, 3),
(1418, 1297, 3),
(1419, 1332, 3),
(1420, 1345, 4),
(1421, 1285, 3),
(1422, 1333, 3),
(1423, 1286, 3),
(1424, 1299, 3),
(1425, 1206, 3),
(1426, 1343, 4),
(1427, 1287, 4),
(1428, 1200, 3),
(1429, 1342, 3),
(1430, 1288, 3),
(1431, 1341, 4),
(1432, 1338, 4),
(1433, 1336, 4),
(1434, 1547, 3),
(1435, 1334, 4),
(1436, 1543, 3),
(1438, 1199, 3);

-- --------------------------------------------------------

--
-- Table structure for table `peserta`
--

CREATE TABLE `peserta` (
  `id` int(5) NOT NULL,
  `nama` varchar(100) NOT NULL,
  `tipe` enum('Guru','Siswa','Karyawan') NOT NULL,
  `qr_code` varchar(100) NOT NULL,
  `kelas` varchar(3) DEFAULT NULL,
  `id_jurusan` int(5) DEFAULT NULL
) ENGINE=InnoDB DEFAULT CHARSET=latin1;

--
-- Dumping data for table `peserta`
--

INSERT INTO `peserta` (`id`, `nama`, `tipe`, `qr_code`, `kelas`, `id_jurusan`) VALUES
(1, 'ABDILLAH', 'Siswa', 'PKHRNWP', 'X', 2),
(2, 'AFIFAH AFRA AMATULLAH', 'Siswa', 'DIWMOJS', 'X', 2),
(3, 'APRINA FARDILA', 'Siswa', 'N54K7BQ', 'X', 2),
(4, 'AYU ALFIYAH', 'Siswa', '24CWCU4', 'X', 2),
(5, 'DESINTA DWI CAHYA', 'Siswa', 'Z99DBT3', 'X', 2),
(6, 'DEVI AMELIA PUTRI', 'Siswa', '4GGJ2DR', 'X', 2),
(7, 'DWI FERA ISTIQOMAH', 'Siswa', '44EMCUS', 'X', 2),
(8, 'DYTHA NASITHA AQNESIA', 'Siswa', 'EBSOWEZ', 'X', 2),
(9, 'KRISTI NURFITRIAYU', 'Siswa', '7CJYXPQ', 'X', 2),
(10, 'LAILATUS SAADAH', 'Siswa', 'JKIA7M3', 'X', 2),
(11, 'MEGA DWI VIJAYANTI', 'Siswa', 'WMWQJAK', 'X', 2),
(12, 'MIRANDA SEPTIAWATI', 'Siswa', 'TO2OE19', 'X', 2),
(13, 'MOCHAMMAD YUDISTIRA PRABOWO', 'Siswa', '0IOZJSF', 'X', 2),
(14, 'MOHAMMAD HENDRA SETIAWAN', 'Siswa', 'UO2HTL8', 'X', 2),
(15, 'MUHAMMAD FAISOL', 'Siswa', 'C5R3MKN', 'X', 2),
(16, 'NILLI SUSANTIN', 'Siswa', 'BSW8BX5', 'X', 2),
(17, 'NISFUL LAILI', 'Siswa', 'G0IGSSK', 'X', 2),
(18, 'PAQUITA NURINDANI', 'Siswa', 'Q5K7457', 'X', 2),
(19, 'PUTRI ROHITA', 'Siswa', 'BOJEY75', 'X', 2),
(20, 'RIFALDI REHAN JUNIARTA', 'Siswa', 'BPG5KLF', 'X', 2),
(21, 'RINA KURNIAN DARI', 'Siswa', '5KETRXY', 'X', 2),
(22, 'ROFIUD DARAJAH', 'Siswa', 'GU01TLF', 'X', 2),
(23, 'SAFIRA AMBARSARI', 'Siswa', '5NCXC4N', 'X', 2),
(24, 'SAFIRA ROSA FEBRIANTI', 'Siswa', 'S3ITN68', 'X', 2),
(25, 'SHANTI LEONITA', 'Siswa', '6C521WX', 'X', 2),
(26, 'SILVANA AUDINDA PRATIWI', 'Siswa', 'P2U36UW', 'X', 2),
(27, 'SITI MURNIASARI', 'Siswa', 'N2SD5U8', 'X', 2),
(28, 'SITI SOFIAH', 'Siswa', '8091K9D', 'X', 2),
(29, 'SITTI ROKHMAWATI', 'Siswa', '545MPXE', 'X', 2),
(30, 'SOFIANA TRININGSIH', 'Siswa', 'QO1YV63', 'X', 2),
(31, 'TIARA AMANDA PUTRI', 'Siswa', '8DXX8AI', 'X', 2),
(32, 'UUT AGELIA WULANDARI', 'Siswa', 'M1E7QYZ', 'X', 2),
(33, 'YOGA ADISTA PRATAMA', 'Siswa', '528HERM', 'X', 2),
(34, 'AGUS SETIAWAN', 'Siswa', 'JECWXJ1', 'X', 2),
(35, 'AHMAD IKMAL ABDILLAH', 'Siswa', 'A645TT9', 'X', 2),
(36, 'AHMAD ILYAS', 'Siswa', 'XQ46MIC', 'X', 2),
(37, 'AINUR ROHIMAH', 'Siswa', 'YX0O1Y9', 'X', 2),
(38, 'ALDIAN FERINANDI', 'Siswa', '19T1RYR', 'X', 2),
(39, 'ANISA', 'Siswa', 'CB59Y43', 'X', 2),
(40, 'APRINA AULIYA RINDARTI', 'Siswa', 'XIIM6DL', 'X', 2),
(41, 'DEA ANANDA', 'Siswa', 'S1VQR3M', 'X', 2),
(42, 'DEVINTA VIVIN NURUL ANGGREANI', 'Siswa', 'U53Y8UD', 'X', 2),
(43, 'DWI DELA SAFITA', 'Siswa', 'A042YKM', 'X', 2),
(44, 'FEBIANA PRAMUNITA', 'Siswa', 'SV3UO2V', 'X', 2),
(45, 'FIRDZA ANDINI RIFANTI', 'Siswa', 'EDX0ZSM', 'X', 2),
(46, 'ICHA MAYURITA PRATIWI', 'Siswa', 'F3DJBTL', 'X', 2),
(47, 'IMAM BASORI', 'Siswa', 'R0E0YEN', 'X', 2),
(48, 'INDRI NORMA DAMAYANTI', 'Siswa', 'POVGUXO', 'X', 2),
(49, 'INTAN DWI ANGGRAINI WULANDARI', 'Siswa', '3F9QI1W', 'X', 2),
(50, 'LULUK ROFIKA', 'Siswa', 'QQD3IWM', 'X', 2),
(51, 'MOHAMMAD RIZAL IBRAHIM', 'Siswa', 'TIS2HBJ', 'X', 2),
(52, 'MUHAMMAD AGIL SUSENO', 'Siswa', 'FBAJWSZ', 'X', 2),
(53, 'NAMIRATUL BALQIS ELOK BARLIAN', 'Siswa', 'R6GMPBH', 'X', 2),
(54, 'NEILIA RAUDLOTUL JANNAH', 'Siswa', '96BGQR6', 'X', 2),
(55, 'NOVITA FITRIANI', 'Siswa', '18OPOK4', 'X', 2),
(56, 'NUR HADI', 'Siswa', '4KBOJ08', 'X', 2),
(57, 'NUR YULIA PUTRI', 'Siswa', 'Q1MWFL0', 'X', 2),
(58, 'OKTAFIA INDRAINI', 'Siswa', 'ZYX0HGI', 'X', 2),
(59, 'PUTRI NUR AISYAH', 'Siswa', 'KDWW4UR', 'X', 2),
(60, 'RICO ANDRIANO', 'Siswa', 'KSFY0GF', 'X', 2),
(61, 'RIZKI DWIPA ARDIANSYAH', 'Siswa', 'T1D9ZBL', 'X', 2),
(62, 'SETIYAWATI NINGSIH', 'Siswa', 'B8EKPLB', 'X', 2),
(63, 'SUCI ABELLA NOVIANTY', 'Siswa', 'YPS4XE9', 'X', 2),
(64, 'SULISTIAWATI', 'Siswa', 'YVL00F0', 'X', 2),
(65, 'UMI SAKINAH', 'Siswa', 'EMQY9HR', 'X', 2),
(66, 'ZAHROTUL JANNAH', 'Siswa', 'AJHHW8S', 'X', 2),
(67, 'AHMAD BAZAR ROFIKI', 'Siswa', '39VRSYG', 'X', 1),
(68, 'ALFIN NAJEH', 'Siswa', 'RDOLJOZ', 'X', 1),
(69, 'ANNISA APRILIANA SARI', 'Siswa', '1EL10PK', 'X', 1),
(70, 'BAIQ NURMINA', 'Siswa', '7GZEMUW', 'X', 1),
(71, 'BHANU PARAMA PUTRA', 'Siswa', 'CG70VRZ', 'X', 1),
(72, 'BINTANG AYUANDRA', 'Siswa', 'XCNSGW5', 'X', 1),
(73, 'DIANA PUSPITASARI', 'Siswa', '9U9K088', 'X', 1),
(74, 'DWI ROFIKA HIKMAWATI', 'Siswa', 'CF3R83A', 'X', 1),
(75, 'ELVA DIANA', 'Siswa', 'YL1XJC0', 'X', 1),
(76, 'GISWA ROHMATUN AINI', 'Siswa', '29L8PID', 'X', 1),
(77, 'HAIRUL JANNAH', 'Siswa', 'B1BGT40', 'X', 1),
(78, 'KURNIA DWI PUSPITASARI', 'Siswa', 'IF3UZMF', 'X', 1),
(79, 'LINDA DWI MEIDINA', 'Siswa', 'RN0957M', 'X', 1),
(80, 'MARDIANA SITI PUJA WARDANI', 'Siswa', 'O7RR94E', 'X', 1),
(81, 'MERTA DWI IRLITASARI', 'Siswa', 'TP36JKQ', 'X', 1),
(82, 'MUSYARAFAH ULFA', 'Siswa', 'XBX9LQR', 'X', 1),
(83, 'NUR HARIS', 'Siswa', '3378IAF', 'X', 1),
(84, 'PRIESCILLIA BINTANG CALLYSTA', 'Siswa', 'PRTOLUF', 'X', 1),
(85, 'PUTRI ABELIA AGUSTIN', 'Siswa', 'U2GPQBQ', 'X', 1),
(86, 'QURRATUL AINI', 'Siswa', 'BG429AA', 'X', 1),
(87, 'QURROTA A`YUN NISA`', 'Siswa', 'UX7KY3H', 'X', 1),
(88, 'SINTA MARISKA', 'Siswa', 'M10WN86', 'X', 1),
(90, 'SITI LUTFIATUN NADZIRAH', 'Siswa', 'WNMVPOG', 'X', 1),
(91, 'SYABILA AUDITA KURNIA', 'Siswa', 'BL3GDLG', 'X', 1),
(92, 'ULFA QOBLATIS ZUHUR', 'Siswa', 'FM1PXEV', 'X', 1),
(93, 'ULFATUN HASANAH', 'Siswa', 'D9SJJ0J', 'X', 1),
(94, 'UMI KUMALA SARI', 'Siswa', 'DAWR6O8', 'X', 1),
(95, 'VANI ZAQIATUS SOLEHAH', 'Siswa', 'C1HM38D', 'X', 1),
(96, 'WARDATUL JANNAH', 'Siswa', 'JM5YEY7', 'X', 1),
(97, 'YESYURUN JOANNE REHUELLAH', 'Siswa', 'K0X9TXI', 'X', 1),
(98, 'ZAHRA AULIA RAHMA', 'Siswa', '06WCDN3', 'X', 1),
(99, 'ZULFA MAJIDAH', 'Siswa', 'BSHBXYU', 'X', 1),
(100, 'AHMAD ANSORY', 'Siswa', 'C1PY05A', 'X', 1),
(101, 'AHMAD SUKRI', 'Siswa', 'N3PIH0Z', 'X', 1),
(102, 'ALFI ROMADANIYAH', 'Siswa', 'RN79AZI', 'X', 1),
(103, 'ANI USWATUN HASANAH', 'Siswa', 'PXP71AC', 'X', 1),
(104, 'DESWITA DWI RIVAYANTI', 'Siswa', 'YF91GB9', 'X', 1),
(105, 'EKA WARDATUL ASFIAH', 'Siswa', 'LHGAGFM', 'X', 1),
(106, 'JADIDAH MONIRO', 'Siswa', 'F4KX6DZ', 'X', 1),
(107, 'MAY ANGGRAINI', 'Siswa', 'GKD09Y7', 'X', 1),
(108, 'MIFTAHUL YUSUF ZAKARIA', 'Siswa', '2YYP0BO', 'X', 1),
(109, 'MOCHAMMAD AFANDI', 'Siswa', 'CJNYGDO', 'X', 1),
(110, 'MUHAMMAD DAVID', 'Siswa', 'SF2933P', 'X', 1),
(111, 'MUHAMMAD WIKI', 'Siswa', '04VV84M', 'X', 1),
(112, 'NADIYA AMALIA PUTRI', 'Siswa', 'FZ71V1I', 'X', 1),
(113, 'NAFILATUL ASISAH', 'Siswa', 'Q6W8T9A', 'X', 1),
(114, 'NORASARI', 'Siswa', 'BQZ3ZQE', 'X', 1),
(115, 'RAHMA WATI', 'Siswa', 'XDJ823F', 'X', 1),
(116, 'RENITA INDIANA SUSANTI', 'Siswa', '7B1MSS9', 'X', 1),
(117, 'RIBUT HARIYANTO', 'Siswa', '3XBBD20', 'X', 1),
(118, 'RISKIYATUL HASANAH', 'Siswa', 'XLYSCFA', 'X', 1),
(119, 'RIZA GITA AMALIA SARI', 'Siswa', 'BH83BIY', 'X', 1),
(120, 'RIZKY ADI PUTRA', 'Siswa', '5CVIYFV', 'X', 1),
(121, 'SEPTA SUSMITA DEWI', 'Siswa', 'APHYGAX', 'X', 1),
(122, 'SHELLY VELANDYA', 'Siswa', '43964R3', 'X', 1),
(123, 'SHENNY AMELIA KARTIKA', 'Siswa', 'R69X3M2', 'X', 1),
(124, 'SITI AISAH', 'Siswa', 'HVPD3BS', 'X', 1),
(125, 'SITI JAMILA', 'Siswa', 'M1HCYUO', 'X', 1),
(126, 'SITI MAGFIROH', 'Siswa', 'WUMMSS1', 'X', 1),
(127, 'SLAMET SUPRIADI', 'Siswa', 'DPIOZ53', 'X', 1),
(128, 'SONI FIRMANSYAH', 'Siswa', 'W908F91', 'X', 1),
(129, 'YAHYA SULTONI', 'Siswa', '0TX769B', 'X', 1),
(130, 'YANTI ATIKA', 'Siswa', 'OY8YC4U', 'X', 1),
(131, 'YULIYANA DWI LESTARI', 'Siswa', 'QSAT4BW', 'X', 1),
(132, 'ACHMAD IBNU ABBAS', 'Siswa', 'GE3ZNGZ', 'X', 3),
(133, 'ADIL ALDINO', 'Siswa', 'TXIQTXL', 'X', 3),
(134, 'AFIF ANANTA WICAKSANA', 'Siswa', '1H4R3GG', 'X', 3),
(135, 'AGUNG AZIZ RIVALDI', 'Siswa', '5IRF3NA', 'X', 3),
(136, 'ALIFIA SABILA', 'Siswa', '1WCVPO2', 'X', 3),
(137, 'ANGGI VERDIANSYAH', 'Siswa', 'NPISKJW', 'X', 3),
(138, 'ANITA SHINTA DEWI', 'Siswa', 'XAIGEHH', 'X', 3),
(139, 'DIANA LUFITASARI', 'Siswa', '12FZL5D', 'X', 3),
(140, 'FATHAN NABIL', 'Siswa', '4Z71HBQ', 'X', 3),
(141, 'FRANKI EKA BUDI SETIAWAN', 'Siswa', '4I379PW', 'X', 3),
(142, 'FRENDI ALI SAPUTRA', 'Siswa', 'SIF6MIQ', 'X', 3),
(143, 'GALIH DWI PRASETIYO CAHYONO', 'Siswa', 'LTMCV0T', 'X', 3),
(144, 'HAPIS BIN JAPARIS', 'Siswa', 'JLC9BV5', 'X', 3),
(145, 'IRNA MULYA FAHMI WIRYA', 'Siswa', 'OHHTVZA', 'X', 3),
(146, 'LUVI OCTAVIA LELA WATI', 'Siswa', '7T6CVP2', 'X', 3),
(147, 'MARETA CHAREL FERONIKA', 'Siswa', '0KA6LL3', 'X', 3),
(148, 'MARIO ALIF RAMADHANA', 'Siswa', 'L9TQ0AU', 'X', 3),
(149, 'MOCHAMMAD FAGIL AL FAHRESY', 'Siswa', 'A8FZWHB', 'X', 3),
(150, 'MOCHAMMAD HAIKAL ZAKI', 'Siswa', '9FNXQTT', 'X', 3),
(152, 'MOHAMMAD ALDI PRATAMA', 'Siswa', '7W87Y2Z', 'X', 3),
(153, 'MOHAMMAD HARISATAL FAUZI', 'Siswa', 'ES4JASP', 'X', 3),
(155, 'MUHAMMAD FADIL ALI GUFRON', 'Siswa', 'VYHZVVJ', 'X', 3),
(156, 'NABYELLA YULI AGUSTIN', 'Siswa', 'N0OUZ43', 'X', 3),
(157, 'NOURANANDA MAULIDIA APRIANTI', 'Siswa', '0SATI0N', 'X', 3),
(158, 'RAIHAN NUR ROHID', 'Siswa', '90JS86G', 'X', 3),
(159, 'RETNO SRI WAHYUNINGTYAS', 'Siswa', '9TGOCP5', 'X', 3),
(160, 'SINDI NUR HASANAH', 'Siswa', 'SJQEEXA', 'X', 3),
(161, 'SITI ROMLA', 'Siswa', 'LB6OJPW', 'X', 3),
(162, 'SITTI AISYAH', 'Siswa', 'UW6HJCI', 'X', 3),
(163, 'WILDAN MALIK IBRAHIMI', 'Siswa', 'E2R65OG', 'X', 3),
(164, 'YASMIN', 'Siswa', 'ZZI33I7', 'X', 3),
(165, 'YULIAN DESNICO GARVIOSA', 'Siswa', '3ZGGU0N', 'X', 3),
(166, 'ACH. FIRDAN JUNIAWAN', 'Siswa', 'Q8X4NJ8', 'X', 3),
(167, 'AISHA AURORA ZIRLYVERA', 'Siswa', 'VCAWK2C', 'X', 3),
(168, 'AJENG ROSALIA PRATIWI', 'Siswa', 'FCLDZG1', 'X', 3),
(169, 'CLARASITA PUTRI OKTAVIA RAHMAN', 'Siswa', '3VZEUNY', 'X', 3),
(170, 'DINI ULYA FATIH ERIANSYAH', 'Siswa', 'CW8APK3', 'X', 3),
(171, 'EKO WAHYU PRIYANTO', 'Siswa', '7U3VVNB', 'X', 3),
(172, 'ERWIN GHAUZAL SYAIFULLAH AMIN', 'Siswa', '71AYVPU', 'X', 3),
(173, 'FIRMAN ALFARISI', 'Siswa', 'DN9PKB9', 'X', 3),
(174, 'FREDERICK LEODIV YULIUS ANUGERAH', 'Siswa', '2WJ9K8F', 'X', 3),
(175, 'GILANG MAREVIYANTO', 'Siswa', 'D9HSV3G', 'X', 3),
(176, 'GILANG TRI CAHYO UTOMO', 'Siswa', 'AKLPKWH', 'X', 3),
(177, 'ILHAM BAGUS BIMANTORO', 'Siswa', 'A6T7JG5', 'X', 3),
(178, 'KHOIRUN NISAK', 'Siswa', '6OX72IT', 'X', 3),
(179, 'MARSEL DWI CAHYO NUGROHO', 'Siswa', 'C55Z0IZ', 'X', 3),
(180, 'MOHAMMAD AJI EKA PUTRA', 'Siswa', 'S6DOLR9', 'X', 3),
(181, 'MOHAMMAT ARISANDI', 'Siswa', 'JU1YYXL', 'X', 3),
(182, 'MUHAMMAD AFIFUTTOYYIBA', 'Siswa', 'K60WKVC', 'X', 3),
(183, 'MUHAMMAD ARIF SHOFIYULLAH', 'Siswa', 'KNCC9IL', 'X', 3),
(184, 'MUHAMMAD FITRAH ABDUL RAHMAN SALEH', 'Siswa', '9KW94H2', 'X', 3),
(185, 'MUHAMMAD SYARIF (DI)', 'Siswa', 'DFZLJ22', 'X', 3),
(186, 'NANDHITA AUSHAAFIL AKMAL', 'Siswa', 'KWVJVAN', 'X', 3),
(187, 'NUR WARDATUL HASANAH', 'Siswa', '1BR625J', 'X', 3),
(188, 'PUTRI DUWITA SAFRIANA', 'Siswa', 'UZ3HOT8', 'X', 3),
(189, 'PUTRI JULITA AZIZAH', 'Siswa', 'HC17HPJ', 'X', 3),
(190, 'RATNA SRI WIDIAWATI', 'Siswa', '0S3TD8S', 'X', 3),
(191, 'RIFKI MULYA RAMADHAN', 'Siswa', '89LBG0I', 'X', 3),
(192, 'RISKI RIZAL SAPUTRO', 'Siswa', '43ASFZM', 'X', 3),
(193, 'RIZKIA AKBAR RHAMADANI', 'Siswa', '3D8DJ8G', 'X', 3),
(194, 'SITI DWI NURHALIZA', 'Siswa', '9BSZUNC', 'X', 3),
(195, 'SYAFIQ YUNIAR PRATAMA', 'Siswa', '33M5V8Q', 'X', 3),
(196, 'UMAR FARUK', 'Siswa', '66A5WOJ', 'X', 3),
(197, 'UUT ARIF HERMAWAN', 'Siswa', 'YW07XFS', 'X', 3),
(198, 'WILDAN RAHMAN MAULANA', 'Siswa', '4GKRP1F', 'X', 3),
(199, 'ZIYAAN RASHIEN', 'Siswa', '3W0H9EX', 'X', 3),
(200, 'ABEL FEBRIAN PRASETYO', 'Siswa', 'HZVGUBD', 'X', 4),
(201, 'ADISTIA NURWAHYUNI', 'Siswa', '01XKJLF', 'X', 4),
(202, 'AFIN NOR AINI', 'Siswa', '29LMFAV', 'X', 4),
(203, 'AHMAD NUR CHOLIS', 'Siswa', 'ZUCZDIM', 'X', 4),
(204, 'ALANIS ULIFA NURJANAH', 'Siswa', 'QZZ889W', 'X', 4),
(205, 'ALFINA NUR DIANA', 'Siswa', 'AKWG8TK', 'X', 4),
(206, 'ANISA AGUSTIN', 'Siswa', 'DW3868X', 'X', 4),
(207, 'CINDY NAJUWA', 'Siswa', '9JLNM90', 'X', 4),
(208, 'DEA PUTRI HARDIANTI', 'Siswa', 'P3DQBYD', 'X', 4),
(209, 'DEWI TRIYA MARETHA PUTRI', 'Siswa', '014YE5T', 'X', 4),
(210, 'DILA ADELIA JULIARTI', 'Siswa', 'STLMQUF', 'X', 4),
(211, 'ELSA DELLA SAFITRI', 'Siswa', 'C4F9JWL', 'X', 4),
(212, 'FERA SUSANTI', 'Siswa', 'Z3DG6LO', 'X', 4),
(213, 'FERDI ARIF PRATAMA', 'Siswa', 'D9LMTZN', 'X', 4),
(214, 'HANI DIAH ANGRAENI', 'Siswa', 'LI61X10', 'X', 4),
(215, 'INTAN MAULANA', 'Siswa', '97J5LIJ', 'X', 4),
(216, 'MAULANI SANITA DEWI', 'Siswa', 'N4TCEV6', 'X', 4),
(217, 'MERRYSA RIZKI MAULIDIYA', 'Siswa', '2MSLN51', 'X', 4),
(218, 'MIKE NUR ALISAH', 'Siswa', 'NYF53CQ', 'X', 4),
(219, 'MOCHAMMAD DANDI DISKIANTO', 'Siswa', 'FV66SOL', 'X', 4),
(220, 'MOHDOR', 'Siswa', 'CY2V42O', 'X', 4),
(221, 'NATHANIA BASITA DEWI', 'Siswa', 'BWNEOYF', 'X', 4),
(222, 'NOR FAHMI', 'Siswa', 'CMH83P7', 'X', 4),
(223, 'NUR HIDAYAHTULLOH', 'Siswa', 'UR0PKIZ', 'X', 4),
(224, 'PHOPPY NABILA RAMADANI', 'Siswa', '3SY1VUI', 'X', 4),
(225, 'PUTRI LAILATUL FITRI', 'Siswa', 'VHN72BT', 'X', 4),
(226, 'RIZKI DWI FIRMANSYAH', 'Siswa', 'HGWY9KI', 'X', 4),
(227, 'SAVIRA OKTAVINA RAMADANI', 'Siswa', 'YWAJVKE', 'X', 4),
(228, 'SITI AMINAH', 'Siswa', 'KDT9SFK', 'X', 4),
(229, 'SITTI LAILATUL QAMARIYAH', 'Siswa', 'X7RKKIO', 'X', 4),
(230, 'SYARIFATUL JANNAH', 'Siswa', 'EXSKGXA', 'X', 4),
(231, 'VIDA NURUL HASANAH', 'Siswa', 'RWQ28Z2', 'X', 4),
(232, 'ABDUL GOFAR', 'Siswa', 'SVHKGJ6', 'X', 9),
(233, 'ACHMAD KAMIL FATHONY', 'Siswa', '7EHKDEY', 'X', 9),
(234, 'AMIRAH', 'Siswa', 'Z0QSZ9K', 'X', 9),
(235, 'CHYNTIA DWI PUSPITASARI', 'Siswa', 'PWK3KCP', 'X', 9),
(236, 'DANDY PUJI EKA SAPUTRO', 'Siswa', 'E1CDYF6', 'X', 9),
(237, 'DANU BAGUS SAPUTRA', 'Siswa', 'XYQT7C5', 'X', 9),
(238, 'DWI ABELIANINGSIH', 'Siswa', 'I6UTQIY', 'X', 9),
(239, 'EKA AYU SAFITRI', 'Siswa', 'RFIZCPJ', 'X', 9),
(240, 'ITNATUN HASANAH', 'Siswa', 'H38OWSW', 'X', 9),
(241, 'MUHAMAD ROFIK', 'Siswa', 'T50FB66', 'X', 9),
(242, 'MUHAMMAD SOLEH HUDIN', 'Siswa', 'WFPD05L', 'X', 9),
(243, 'MUHAMMAD SYAHRIDAN NIZAM', 'Siswa', 'EMRKKPA', 'X', 9),
(244, 'NOFAL AZIMY', 'Siswa', 'MQGXDU6', 'X', 9),
(245, 'RISKA RIA SAFITRI', 'Siswa', '3VAYE8K', 'X', 9),
(246, 'SHAWALLYYA FUSFITA SARI', 'Siswa', 'F5EPP60', 'X', 9),
(247, 'STANLEY ATHALLAH DAFFA WAFI HINDARTO', 'Siswa', 'L216OF5', 'X', 9),
(248, 'ZAUHARA SYAHAR APRILIA', 'Siswa', 'W7V4YBE', 'X', 9),
(249, 'ABDUL MUGHNI', 'Siswa', 'LWG074T', 'X', 6),
(250, 'APRILIA NATASYA DEWANTI', 'Siswa', '8QB9BP1', 'X', 6),
(251, 'DARMAWAN REZA SUGIHARTO', 'Siswa', 'ZPHDRCN', 'X', 6),
(252, 'DEVI ZAKIYATUS ZAHRO', 'Siswa', '78HP4LB', 'X', 6),
(253, 'DITA FIRDAUSY', 'Siswa', 'HIMDY1V', 'X', 6),
(254, 'EVA ALFIANA', 'Siswa', 'O8NOZU5', 'X', 6),
(256, 'FIQI NUR HIDAYAH', 'Siswa', 'X9BLEEN', 'X', 6),
(257, 'IBNU ARIF BILLAH', 'Siswa', 'FP6P8NH', 'X', 6),
(258, 'IKMAWATI', 'Siswa', 'I9Z0M7L', 'X', 6),
(259, 'LENI SAVIRA ISLAMIA', 'Siswa', 'JTNDC4C', 'X', 6),
(260, 'MELIN SILVIKA NURAINI', 'Siswa', '6I5JKX2', 'X', 6),
(261, 'MOHAMMAD AFFANDI HIDAYAH', 'Siswa', 'JQXYNO0', 'X', 6),
(262, 'MUHAMAD AFANDI', 'Siswa', 'G5SEGOB', 'X', 6),
(263, 'MUHAMMAD ABDUL GHAFUR', 'Siswa', 'E4LQ21H', 'X', 6),
(264, 'MUHAMMAD ALDIAN JAWAHIRIL ULUM', 'Siswa', 'G49DMRD', 'X', 6),
(265, 'MUHAMMAD NOVAL', 'Siswa', 'DB7L9CA', 'X', 6),
(266, 'MUHAMMAD RIKIYANTO HIDAYAT', 'Siswa', 'OQ0E7JU', 'X', 6),
(267, 'MUHAMMAD. RIZAL', 'Siswa', 'ND2SDR4', 'X', 6),
(268, 'NISAUL KARIMAH', 'Siswa', 'QNCF00Q', 'X', 6),
(269, 'NOVI SULISTYANINGSIH', 'Siswa', '2MVMPCP', 'X', 6),
(270, 'PUTRI NOR ANGGRAENI', 'Siswa', 'ZD443O3', 'X', 6),
(271, 'QURROTUL UYUN', 'Siswa', '2KN9LQD', 'X', 6),
(272, 'RAHAYU SETYA NINGRUM', 'Siswa', 'G7LKO9V', 'X', 6),
(273, 'RISKI SOLEH', 'Siswa', '7FAG1X1', 'X', 6),
(274, 'SANIATUR ROHMA', 'Siswa', 'IW35TFK', 'X', 6),
(275, 'SEFTIN WIDIA WULANDARI', 'Siswa', '15GCKYS', 'X', 6),
(276, 'SYAFIRA AYU KIRANA', 'Siswa', 'MES44L0', 'X', 6),
(277, 'TOLAK SAFITRIH', 'Siswa', 'VX94VSP', 'X', 6),
(278, 'YENI WAHYUNINGTIAS', 'Siswa', '1NFKMM7', 'X', 6),
(279, 'YUNI SOLEHATI', 'Siswa', 'E32SNWI', 'X', 6),
(280, 'YUNITA MUSLIMATUS SHOLEHA', 'Siswa', 'OA3YBMW', 'X', 6),
(281, 'ABDUL GANI', 'Siswa', 'TY8NEUH', 'X', 6),
(282, 'AHMAD AZZRIAL IHSANUL MAQI', 'Siswa', 'V18M6RW', 'X', 6),
(283, 'BAYU FIRMANSYAH', 'Siswa', '1QYWZLM', 'X', 6),
(284, 'BELA YUNIAR RISTANTI', 'Siswa', 'OBTALB9', 'X', 6),
(285, 'DELLA SAFIRA', 'Siswa', '57BFXVI', 'X', 6),
(286, 'EMI SHERLIANA LARAS SAPUTRI', 'Siswa', 'U85TB7A', 'X', 6),
(287, 'FAIZATUL NAFISAH', 'Siswa', 'P9YFNR8', 'X', 6),
(288, 'FEBRIA SEPTI ARIFAH', 'Siswa', 'SPFJZUU', 'X', 6),
(289, 'HENDI', 'Siswa', 'Z4Z1X6U', 'X', 6),
(290, 'HUSNUL AMALIYA', 'Siswa', 'SOEGK3V', 'X', 6),
(291, 'INTAN JULI ASYARI', 'Siswa', 'R5RBFM4', 'X', 6),
(292, 'KHOIRUL UMAM', 'Siswa', 'RS61415', 'X', 6),
(293, 'MAURA NAJWA EKA NANDA', 'Siswa', 'YGLVKZB', 'X', 6),
(294, 'MISBAHUL HASAN', 'Siswa', 'X6Y2KR3', 'X', 6),
(295, 'MOHAMAD GALUH HIDAYATUL KHOIR', 'Siswa', 'JUHR56W', 'X', 6),
(296, 'MOHAMMAD FELAN', 'Siswa', 'M7S6G1E', 'X', 6),
(297, 'MOHAMMAD RAHMAN', 'Siswa', '5FXZC09', 'X', 6),
(298, 'MUHAMAD RIDHOK', 'Siswa', '04ARL3X', 'X', 6),
(299, 'MUHAMMAD MUZAMMIL EFENDI', 'Siswa', 'WDOH6VM', 'X', 6),
(300, 'MUHAMMAD NUR RISKI', 'Siswa', 'T0GQZEB', 'X', 6),
(301, 'MUHAMMAD ZAINUL ARIF', 'Siswa', '4RESFHK', 'X', 6),
(302, 'NADI', 'Siswa', '6BC5CDV', 'X', 6),
(303, 'NOVITA', 'Siswa', '66HQCOW', 'X', 6),
(304, 'NUR AZIZAH', 'Siswa', 'BTW3574', 'X', 6),
(305, 'NUR HASANAH', 'Siswa', '1NTAD4I', 'X', 6),
(306, 'NURIS RAHMAN', 'Siswa', '84MC1IU', 'X', 6),
(307, 'QURNIA AMIRTHA', 'Siswa', '77H7Z2V', 'X', 6),
(308, 'RICO PRAYUANGGA RISAM', 'Siswa', 'KPD4X3J', 'X', 6),
(309, 'SAPTA EKA RIFGHON NURIMAM', 'Siswa', 'FTIWB4Z', 'X', 6),
(310, 'SILVIA NURUL ARIFIN', 'Siswa', 'CE2VESC', 'X', 6),
(311, 'SOFIA AGUSTIN', 'Siswa', 'DYQ4Y02', 'X', 6),
(312, 'ULFA ROAIDATUS SOLEHA', 'Siswa', 'KAK3S5Q', 'X', 6),
(313, 'WARDATUL HASANAH', 'Siswa', 'FIDNS9A', 'X', 6),
(314, 'AHMAD SUDAHLAN', 'Siswa', '8G6WN4B', 'X', 6),
(315, 'ARIFQI MAULANA', 'Siswa', 'GDV6LZL', 'X', 6),
(316, 'DILA PERMATASARI', 'Siswa', 'SNOWPXH', 'X', 6),
(317, 'EGO JUNIARDI', 'Siswa', 'LEPZXOB', 'X', 6),
(318, 'EVA DAMAYANTI', 'Siswa', '44WZHS9', 'X', 6),
(319, 'FAIQOTUL HIKMAH', 'Siswa', 'VYZNRX2', 'X', 6),
(320, 'FANIS FITRIYAH', 'Siswa', '6DHW4K0', 'X', 6),
(321, 'GISELA NATASIA DEVITASARI', 'Siswa', '1RDVA5E', 'X', 6),
(322, 'HOLIFATUN NADILAH', 'Siswa', 'RTP74N5', 'X', 6),
(324, 'JAZILAH NABILA', 'Siswa', '8K5W2MZ', 'X', 6),
(325, 'LINDA ANGRAINI', 'Siswa', 'D9OR0WC', 'X', 6),
(326, 'MELLY DIANA PUTRI', 'Siswa', 'BBJ6B2F', 'X', 6),
(327, 'MOCHAMMAD DIO SAHRIYANTO', 'Siswa', 'FWZ2H7O', 'X', 6),
(328, 'MOHAMAD ROIS', 'Siswa', 'VUF8X7O', 'X', 6),
(329, 'MOHAMMAD ZAINI', 'Siswa', 'O5JOOLJ', 'X', 6),
(330, 'MUHAMMAD GHUFRON EFENDI', 'Siswa', 'JZXZ9U2', 'X', 6),
(331, 'MUHAMMAD IMRON', 'Siswa', 'RQJZ8YJ', 'X', 6),
(332, 'MUHAMMAD SAID', 'Siswa', 'M9ISRXR', 'X', 6),
(333, 'MUHAMMAD WILDAN FIRDAUS', 'Siswa', 'J580DHS', 'X', 6),
(334, 'NAILI AFKARINA RHOHMA', 'Siswa', 'NOS8OEJ', 'X', 6),
(335, 'NUR AZIZAH KUMALASARI', 'Siswa', 'SKG5VJO', 'X', 6),
(336, 'NURI MAULIDA', 'Siswa', 'EF5WYVH', 'X', 6),
(337, 'PUTRI HASTI OLIVIA', 'Siswa', '1GMTOAH', 'X', 6),
(338, 'RAYHAN SURYA RAMADHAN', 'Siswa', 'DPM1TIT', 'X', 6),
(339, 'SANTI RAHAYU', 'Siswa', 'BEBARH8', 'X', 6),
(340, 'SELVIA', 'Siswa', 'PFJDJMJ', 'X', 6),
(341, 'SITI FATIMAH', 'Siswa', 'ST2HP8F', 'X', 6),
(342, 'SITI SULALAH', 'Siswa', 'WYDXCJC', 'X', 6),
(343, 'TRIYANISA', 'Siswa', 'OP6MPQS', 'X', 6),
(344, 'UNIK DINARIYA', 'Siswa', 'IVELY96', 'X', 6),
(345, 'ZAINURI', 'Siswa', 'WEE120Z', 'X', 6),
(346, 'AHMAD ALIF RAMADHAN', 'Siswa', 'Y0UQ3UR', 'X', 5),
(347, 'AISYAH PUTRI TIRTA NUR HIDAYAH', 'Siswa', 'E7ULB6A', 'X', 5),
(348, 'ALIF KARUNIA PRATAMA', 'Siswa', 'V21634X', 'X', 5),
(349, 'ARSI DWI RISKY FEBRIAN', 'Siswa', 'IVP5IVS', 'X', 5),
(350, 'BAGUS CAHYO FIRDAUS', 'Siswa', 'ZNKF1MW', 'X', 5),
(351, 'CHANDRA GUNAWAN SUGIARTO', 'Siswa', 'CYGDA3Y', 'X', 5),
(352, 'DIMAS SOLEH HIDAYAH', 'Siswa', 'HK915DZ', 'X', 5),
(353, 'FARHAN HAKIM', 'Siswa', 'CMO78H3', 'X', 5),
(354, 'FERDIAN NASHWAN MACHFUR RAEHAN', 'Siswa', 'VHY5BOX', 'X', 5),
(355, 'FIKRI', 'Siswa', '8I4WSK1', 'X', 5),
(356, 'GITA RIZKY YULISTIOWATI', 'Siswa', 'KN58X0O', 'X', 5),
(357, 'HENDI AGUSTI RAMADHAN', 'Siswa', 'TG9MYN2', 'X', 5),
(358, 'ILLHAM NUR ISNAINI BASKARA JAYA', 'Siswa', 'QPUVJO6', 'X', 5),
(359, 'IQBAL  MAULANA  ISHAQ', 'Siswa', 'R9AA2FI', 'X', 5),
(360, 'MAULANA MALIK IBRAHIM', 'Siswa', 'YAAGQK3', 'X', 5),
(361, 'MOCHAMMAD IQBAL RONI SAPUTRA', 'Siswa', 'DFO9KXH', 'X', 5),
(362, 'MOH. ARDIANSYAH AL GHIFARI', 'Siswa', '5ZM1SWI', 'X', 5),
(363, 'MOHAMMAD FAHRIZAL MAHENDRA', 'Siswa', '7ZZ3S1S', 'X', 5),
(364, 'MOHAMMAD SAYYIDI', 'Siswa', '1YRXGZS', 'X', 5),
(365, 'MUHAMMAD BINTANG BARIQ HIBATULLAH', 'Siswa', 'Y5MFLFI', 'X', 5),
(366, 'MUHAMMAD RAYASYA DZIQI CAHYANA', 'Siswa', '7M2MO09', 'X', 5),
(367, 'NAUFAL ADRIAN AMIRULLAH', 'Siswa', '83MG77V', 'X', 5),
(368, 'NAUFAL CAESAR ABIYYU FADHIL', 'Siswa', 'ML6EEQW', 'X', 5),
(369, 'NAUFAL FARRAS TERTIA', 'Siswa', '3QBYZQW', 'X', 5),
(370, 'NENDI PUTRI FEBRIANTI', 'Siswa', 'JAL4999', 'X', 5),
(371, 'RAIHAN NOVRIAN', 'Siswa', '2E6X2A8', 'X', 5),
(372, 'RIO FEBRIAN', 'Siswa', '3PL1ES1', 'X', 5),
(373, 'RIVALDY DWI WANDA', 'Siswa', 'PQH97YU', 'X', 5),
(374, 'RONIZAR', 'Siswa', '77ZH6DW', 'X', 5),
(375, 'RYAN AFRYANDI', 'Siswa', 'G94LJ5T', 'X', 5),
(376, 'SATRIA BAGAS KARA', 'Siswa', '88OLUM8', 'X', 5),
(377, 'SEBRINA AMI RAVIANTI', 'Siswa', 'A9C48N3', 'X', 5),
(378, 'SEVRI VENDRIAN ACHMAD JORDAN', 'Siswa', 'S3L5HJY', 'X', 5),
(379, 'STEFANUS GUNAWAN PUTRA', 'Siswa', 'KHG3C44', 'X', 5),
(380, 'STEVEN KURNIAWAN', 'Siswa', 'FNGAJ74', 'X', 5),
(381, 'YUWANDANA', 'Siswa', 'SXMWIYT', 'X', 5),
(382, 'ABDUL WAFIK', 'Siswa', 'NT61B5H', 'X', 7),
(383, 'ADHEN RAMADHANI', 'Siswa', 'QH107MH', 'X', 7),
(384, 'AHMAD FATONI', 'Siswa', 'IVLTPI2', 'X', 7),
(385, 'AHMMAD SYAHRUL ALI SYABANA', 'Siswa', 'LI9EQEP', 'X', 7),
(386, 'ALFANDY JAELANI PUTRA', 'Siswa', 'NCU6XQQ', 'X', 7),
(387, 'BILLY MOHAMMAD', 'Siswa', 'DQFIS8E', 'X', 7),
(388, 'BINTANG PRATAMA SASAKA PUTRA', 'Siswa', '6GM319M', 'X', 7),
(389, 'BOY BANOSIDA FIRDAUS', 'Siswa', 'U4I9BK7', 'X', 7),
(390, 'DICKY HERMAWAN', 'Siswa', 'G8M2TSC', 'X', 7),
(391, 'FAIQ IBNUAFFRIYANTO', 'Siswa', '48KQ3UD', 'X', 7),
(392, 'FERDINANDIO MANGGALA PUTRA', 'Siswa', 'RB8WI4Q', 'X', 7),
(393, 'FITO FIRMANSYAH', 'Siswa', 'ERIYJ7K', 'X', 7),
(394, 'IMAM ZAKARIAL ANSORI', 'Siswa', '5OCLKZL', 'X', 7),
(395, 'IRWANSAH', 'Siswa', 'PCWPCAF', 'X', 7),
(396, 'JODI YUSNANDA DETA', 'Siswa', '4F1YGLH', 'X', 7),
(397, 'LUFI ISTIROFAH', 'Siswa', 'PGJ9DXI', 'X', 7),
(398, 'MASHYTA', 'Siswa', 'DFDABKD', 'X', 7),
(399, 'MOHAMMAD RIZKI KURNIAWAN', 'Siswa', 'DXE29WZ', 'X', 7),
(400, 'MOHAMMAD SOBIRIN', 'Siswa', 'L84FQLH', 'X', 7),
(401, 'MOHAMMAD TEGAR ADITYA SAPUTRA', 'Siswa', 'SUAKARA', 'X', 7),
(402, 'MUHAMMAD ANAS SAIFULLOH', 'Siswa', '6OJ4L80', 'X', 7),
(403, 'MUHAMMAD FARHAN ABDILLAH', 'Siswa', 'UAKW2I1', 'X', 7),
(404, 'MUHAMMAD FARIZ', 'Siswa', '0P22PMU', 'X', 7),
(405, 'MUHAMMAD ILHAM', 'Siswa', '20ZP9DM', 'X', 7),
(406, 'MUHAMMAD SULTAN MAULANA IBRAHIM', 'Siswa', '556IJ8C', 'X', 7),
(407, 'NOVIATUL HASANAH', 'Siswa', 'BACSGI1', 'X', 7),
(408, 'NUR MUHAMMAD FADLI', 'Siswa', 'PCZ25N4', 'X', 7),
(409, 'RAFLI ADITYA PRAWIRA', 'Siswa', 'IKCZRTO', 'X', 7),
(410, 'RAIHAN HABIBULLAH', 'Siswa', 'F25GQ9Q', 'X', 7),
(411, 'REYHAN ZAYNURI', 'Siswa', 'HA7TOOZ', 'X', 7),
(412, 'SATRIA PRAKAS', 'Siswa', 'K3H6H4G', 'X', 7),
(413, 'UMAR FARUK', 'Siswa', 'MLKARO8', 'X', 7),
(414, 'VITO ALDINO FERNANDO YUSTISIO FERDIANSYAH', 'Siswa', 'K4SFAK0', 'X', 7),
(415, 'YUDI KAMALI', 'Siswa', 'M34MFEB', 'X', 7),
(416, 'YULIA TRI UTAMI', 'Siswa', 'WFLMI1D', 'X', 7),
(417, 'YUSRIL ALWI HARYANTO', 'Siswa', 'CNEYP3G', 'X', 7),
(418, 'ADITYA HADI SAPUTRA', 'Siswa', 'F6B5SIT', 'X', 7),
(419, 'ADRIYAN ABDI FIRDAUS', 'Siswa', '6GMIQ14', 'X', 7),
(420, 'AHMAD IFEN AFFANDI', 'Siswa', 'IYJTUYT', 'X', 7),
(421, 'ALDI KURNIAWAN', 'Siswa', 'OSJF2GS', 'X', 7),
(422, 'BIMO WIBISONO', 'Siswa', 'O6FX6GB', 'X', 7),
(423, 'BRILLIANT WAHYU PAMBUDI', 'Siswa', 'H0LEE89', 'X', 7),
(424, 'DEVI AYU LARASATI', 'Siswa', 'TK1FMXU', 'X', 7),
(425, 'DWI INTAN LESTARI', 'Siswa', 'XHS3A77', 'X', 7),
(426, 'FATIMATUL QORIAH', 'Siswa', 'MATF95T', 'X', 7),
(427, 'FEBRIAN ADI NUGROHO', 'Siswa', '7HTWLLI', 'X', 7),
(428, 'FIRMAN ALAMSYAH', 'Siswa', '7IIT5ID', 'X', 7),
(429, 'FIRMANSYAH', 'Siswa', '12MO8US', 'X', 7),
(430, 'GANDIAS DARMA YATIANSYAH', 'Siswa', 'W9T54S4', 'X', 7),
(432, 'GOVIN DHAWIL HIMAM', 'Siswa', '0738CQX', 'X', 7),
(433, 'INDRA KURNIAWAN', 'Siswa', 'X5QLAGQ', 'X', 7),
(434, 'KHOIRUL ANWAR', 'Siswa', 'LB91C2M', 'X', 7),
(435, 'KRISNA WICAKSONO', 'Siswa', '81HIUKP', 'X', 7),
(436, 'M. AL FATURROHMAN', 'Siswa', '3NDCJ1O', 'X', 7),
(437, 'MOCHAMMAD IFAN TURRAHMAN', 'Siswa', '3TCMHMS', 'X', 7),
(438, 'MOCHAMMAD IQBAL ROSYID', 'Siswa', '95IK183', 'X', 7),
(439, 'MOHAMMAD ARIFIN HIDAYAH', 'Siswa', 'ICCCVE4', 'X', 7),
(440, 'MOHAMMAD NUR YUSUF', 'Siswa', 'SBFFJE5', 'X', 7),
(441, 'MOHAMMAD ROYHAN MAULANA', 'Siswa', 'IO759G6', 'X', 7),
(442, 'MUHAMMAD FADLAN AKBAR', 'Siswa', '1ZDPT0Y', 'X', 7),
(443, 'MUHAMMAD IWAN KAFABILLAH', 'Siswa', '2XC59QI', 'X', 7),
(444, 'NANDA KEVIN ARI SANDY', 'Siswa', 'X4U5P9G', 'X', 7),
(445, 'NANDA PUTRA PRAWIRA PRATAMA', 'Siswa', 'NTHZKIK', 'X', 7),
(446, 'NASRULLAH KHAIRUL FATAH', 'Siswa', 'HJ8YQM0', 'X', 7),
(447, 'PUNGKY FILZAH PRANATA', 'Siswa', '4NGHQYD', 'X', 7),
(448, 'RENDI TRIO SAPUTRA', 'Siswa', 'UMQRVM7', 'X', 7),
(449, 'RIESA RIZQY NUGRAHA', 'Siswa', 'FUXHWX8', 'X', 7),
(450, 'RIFKI', 'Siswa', 'Q1X8EQM', 'X', 7),
(451, 'ROBETUL FIRDAUS', 'Siswa', 'EU6IKUN', 'X', 7),
(452, 'VERRI SEPTIAN WAHYUDI', 'Siswa', 'EPOYFYH', 'X', 7),
(453, 'AHMAD YUDI PRASETIO', 'Siswa', 'GUP3K8C', 'X', 7),
(454, 'AINUR ROFIKI WILDANIEL', 'Siswa', 'DL5ZT44', 'X', 7),
(455, 'AKFAS ANDIANSAH', 'Siswa', '6BN4MQY', 'X', 7),
(456, 'ANAS FARHAN HIDAYATULLAH', 'Siswa', 'X9POVOF', 'X', 7),
(457, 'ARDIANSAH DWI YULIANTO', 'Siswa', 'XKRS6NF', 'X', 7),
(458, 'AUDI RIDHO ABDILLAH', 'Siswa', 'AQANJC0', 'X', 7),
(459, 'DESTA ARIBAH ROSARI', 'Siswa', '0MPN1OC', 'X', 7),
(460, 'DEVA BAGUS PRADANA', 'Siswa', 'LJZXLK3', 'X', 7),
(461, 'FANI DWI JAYANTO', 'Siswa', 'S3WIFOJ', 'X', 7),
(462, 'FARHAN BAHANAN', 'Siswa', '0DPLFI9', 'X', 7),
(463, 'HUDAIFAH', 'Siswa', '9Z7CUAV', 'X', 7),
(464, 'IHWAN ROHIM', 'Siswa', 'LYZGRSA', 'X', 7),
(465, 'ILHAM BAYU RISKIYANSYAH', 'Siswa', 'XCQYOSU', 'X', 7),
(466, 'INTAN BAIDURI', 'Siswa', 'ZMNPF8N', 'X', 7),
(467, 'MOCHAMMAD FADHI', 'Siswa', 'I4IP3SF', 'X', 7),
(468, 'MOCHAMMAD ZAINUL ARIFIN', 'Siswa', '6ANU3OI', 'X', 7),
(469, 'MOHAMAD DIMAS SATRIO WIDODO', 'Siswa', 'OTCBQYV', 'X', 7),
(470, 'MOHAMMAD ANDRIAN COMARULLOH PUTRO SANTOSO', 'Siswa', '71SA0MB', 'X', 7),
(471, 'MOHAMMAD BAIDOWI PURWANTO', 'Siswa', 'U9GNFVC', 'X', 7),
(472, 'MOHAMMAD INDRA ABDILLAH', 'Siswa', '1YG6S2P', 'X', 7),
(473, 'MOHAMMAD SAIFUR RAHMAN', 'Siswa', 'VGCDYNR', 'X', 7),
(474, 'MUHAMMAD AFANDI', 'Siswa', '5RE6491', 'X', 7),
(475, 'MUHAMMAD ALFIN', 'Siswa', 'V5EPWRH', 'X', 7),
(476, 'MUHAMMAD FEMAS ALFARIDZI', 'Siswa', 'EQE4LCD', 'X', 7),
(477, 'MUHAMMAD HASANI RIDWAN SA`DULLAH', 'Siswa', 'VQSA7T2', 'X', 7),
(478, 'MUHAMMAD RISKI', 'Siswa', 'RB5RA81', 'X', 7),
(479, 'REFLY TRIO CHANDRA PURNAMA', 'Siswa', 'NY5T474', 'X', 7),
(480, 'RISKY SUMARDANA', 'Siswa', 'ZZXOPAG', 'X', 7),
(481, 'SAFANA SALSABILA', 'Siswa', 'HNATTYX', 'X', 7),
(482, 'SAMSUL ARIFIN', 'Siswa', 'IVAUF5Z', 'X', 7),
(483, 'SHELA RINDITA PUTRI', 'Siswa', 'TG2F7E6', 'X', 7),
(484, 'VEMAS RISKY FIRGIAWAN', 'Siswa', '1LZIVBG', 'X', 7),
(485, 'WANDI RIFA ERIYANSYAH', 'Siswa', '3MY5M0W', 'X', 7),
(486, 'YOGA DWI WAHYU PRATAMA', 'Siswa', 'DZJS124', 'X', 7),
(487, 'YONGKI PRATAMA', 'Siswa', 'GTZJP3Y', 'X', 7),
(489, 'ACHMAD ANWAR RENALDY', 'Siswa', 'F2K8YI0', 'X', 8),
(490, 'ADELLIA SAFIRA PUTRI', 'Siswa', 'JBZ3KU1', 'X', 8),
(491, 'AHMAD ZADIUN NUR ROYYAN', 'Siswa', '4V2ULM4', 'X', 8),
(492, 'AJI JABAL ABDILLAH', 'Siswa', 'C5YS9A3', 'X', 8),
(493, 'ANGGRE RYOS ADELIA', 'Siswa', '32HBXDJ', 'X', 8),
(494, 'ANIK AMBAR SAFITRI', 'Siswa', 'V7PTJI0', 'X', 8),
(495, 'DIMAS PUTRA YULIADI', 'Siswa', 'ZV98UDE', 'X', 8),
(496, 'FARHAN AINUR RIVAL', 'Siswa', 'O0NNDN3', 'X', 8),
(497, 'FATIMATUS ZAHROH', 'Siswa', 'DFDWLSW', 'X', 8),
(498, 'FILZATUT TOYYIBAH', 'Siswa', 'P3DJQID', 'X', 8),
(499, 'IMAM WAHYUDI', 'Siswa', 'DO71HX1', 'X', 8),
(500, 'INDRA DWI KURNIAWAN', 'Siswa', '8XED75C', 'X', 8),
(501, 'MAULIDIA FIRDAINI', 'Siswa', 'GZ6MP4H', 'X', 8),
(502, 'MOCHAMMAD RIDWAN HERMANSYAH', 'Siswa', 'EG2FZTQ', 'X', 8),
(503, 'MOCHAMMAD SULTHON ALVIN GHOFUR AL BADRI', 'Siswa', '8XMKYE8', 'X', 8),
(504, 'MOHAMMAD FAHMI BARAZAH', 'Siswa', '532ZDI7', 'X', 8),
(505, 'MUHAMMAD AYALA', 'Siswa', '33EKF8C', 'X', 8),
(506, 'MUHAMMAD BAYU ADIESTA', 'Siswa', 'T8D8OW7', 'X', 8),
(507, 'MUHAMMAD DINISSAJI', 'Siswa', '1PQO8CQ', 'X', 8),
(509, 'MUHAMMAD MAULANA ISHAK', 'Siswa', 'GKZBHGW', 'X', 8),
(510, 'MUHAMMAD WILDAN', 'Siswa', '9XE6MPC', 'X', 8),
(511, 'NAJRUL GUFRON', 'Siswa', 'SM9PSWQ', 'X', 8),
(512, 'NOVA RAHMADANY', 'Siswa', 'VKW6H5N', 'X', 8),
(513, 'NUR HALIS', 'Siswa', 'BSDY4M4', 'X', 8),
(514, 'RAISATIN NADILA', 'Siswa', 'LGQY6Q9', 'X', 8),
(515, 'RENDY KURNIAWAN (DI)', 'Siswa', 'YQFIKNX', 'X', 8),
(516, 'SABDA MUHAMMAD DAFIT', 'Siswa', 'DT964CE', 'X', 8),
(517, 'SHEFRY RAHMAN SHALEH', 'Siswa', 'VLL312I', 'X', 8),
(518, 'SITI NUR LAILIA ZAHRO ZAKIAH', 'Siswa', '5CHT6XK', 'X', 8),
(519, 'SYAMSUL MAARIF', 'Siswa', 'GOXE2NL', 'X', 8),
(520, 'TOLAK AISYAH', 'Siswa', 'L6WXGA5', 'X', 8),
(521, 'UTIATUS RAMDANI', 'Siswa', 'UB2UHO0', 'X', 8),
(522, 'YASINTA AULIA FEBRIANTI', 'Siswa', 'SI8GZSB', 'X', 8),
(523, 'ADI PRAYETNO', 'Siswa', 'TI098KF', 'XI', 2),
(524, 'ADRIANSYACH IHSAN WIDYATA', 'Siswa', '4E5WK6P', 'XI', 2),
(525, 'AGEM DIAN NIRWANA', 'Siswa', 'FSTR5R3', 'XI', 2),
(526, 'AISHAWA VERENA AGISTY', 'Siswa', 'UH24F95', 'XI', 2),
(527, 'AMELIA PUTRI MAHARANI', 'Siswa', 'YUDEKEM', 'XI', 2),
(528, 'ANIS SALSABILA LARASATI', 'Siswa', '1PU11PF', 'XI', 2),
(529, 'DELLA AMALIA LILISANDI', 'Siswa', 'DD8Z85Q', 'XI', 2),
(530, 'DEVI WIDIAWATI', 'Siswa', '66KHUT4', 'XI', 2),
(531, 'FIRDAUSIYAH WILDA NURIL AWALI', 'Siswa', 'DS8PZTX', 'XI', 2),
(532, 'INDAH NOVITA SARI', 'Siswa', 'ZSCU046', 'XI', 2),
(533, 'ISFIANA MAMLU UL LATIFA', 'Siswa', 'WXC1I8D', 'XI', 2),
(534, 'LEONIS STEFANY', 'Siswa', '42VT3EU', 'XI', 2),
(535, 'LINDA HALILA', 'Siswa', '1WCG0WK', 'XI', 2),
(536, 'MAHESA TRI DHARMASURO', 'Siswa', 'ZVG805A', 'XI', 2),
(537, 'MOCHAMAD AHYARUL HIDAYAH', 'Siswa', 'PRL35T1', 'XI', 2),
(538, 'MUHAMMAD ACHZANAL FAZA', 'Siswa', 'H5JSJJE', 'XI', 2),
(539, 'MUHAMMAD SADDAM NAJIB IBRAHIM', 'Siswa', 'EAVKL77', 'XI', 2),
(540, 'MUHAMMAT FARIKI', 'Siswa', 'POKQ60L', 'XI', 2),
(541, 'NANDINI PUTRI NINGTIAS', 'Siswa', '0QZPV94', 'XI', 2),
(542, 'RISMA FIRNANDA', 'Siswa', 'OVONY5F', 'XI', 2),
(543, 'SISILIA HARFIYANTI', 'Siswa', 'GJKB6V4', 'XI', 2),
(545, 'SITI FATIMAH MAULIDINA', 'Siswa', 'CJ12XNH', 'XI', 2),
(546, 'SITI HOFIFFAH', 'Siswa', 'AANC03N', 'XI', 2),
(547, 'SITI SANELIA IRAWAN', 'Siswa', 'SL5H591', 'XI', 2),
(548, 'VEVINA TALITHA ANDRANI', 'Siswa', 'WSABKLI', 'XI', 2),
(549, 'WANDA YUNIARIKA PUTRI', 'Siswa', '47QMTWA', 'XI', 2),
(550, 'WASILATUL BARIROH', 'Siswa', 'K2YNRRY', 'XI', 2),
(551, 'YOFILIA ATIANA DEWI', 'Siswa', 'ILGF0XD', 'XI', 2),
(552, 'YULIA EKA WAHYUNINGTIAS', 'Siswa', '26O8K1N', 'XI', 2),
(553, 'ACHMAD JUPRI FATAHILLAH', 'Siswa', '4YL5YLJ', 'XI', 2),
(554, 'ADINDA SYAHRANI', 'Siswa', 'MDOA7PU', 'XI', 2),
(555, 'AHMAD ZAKARIA', 'Siswa', 'KYPSIM6', 'XI', 2),
(556, 'AULADENA ISNENTIA SUSANTO PUTRI', 'Siswa', '2MOMJKT', 'XI', 2),
(557, 'DAIRATUN NADHIFAH', 'Siswa', 'XM6NBI5', 'XI', 2),
(558, 'DEVIA FITRI KAMILASARI', 'Siswa', 'XUHDOZU', 'XI', 2),
(559, 'HOLIMATUS SADIYAH', 'Siswa', 'R13JTJ0', 'XI', 2),
(560, 'IMELDA ALVIONA FEBRI', 'Siswa', 'VFXSDUH', 'XI', 2),
(561, 'INTAN NURIS SOFIA', 'Siswa', 'Q3JT5BR', 'XI', 2),
(562, 'LILA AISYAH', 'Siswa', 'T9YBBYV', 'XI', 2),
(563, 'LUKMAN NUL HAKIM', 'Siswa', 'KB98YIM', 'XI', 2),
(564, 'MA`RIFATUZ ZAHROH ZULMI', 'Siswa', 'WEEFRSH', 'XI', 2),
(565, 'MAYANG GUSNANDA ENDAHSARI', 'Siswa', 'NKJL1PR', 'XI', 2),
(566, 'MELISA INDRIATUL HASANAH', 'Siswa', '0YL8BEW', 'XI', 2),
(567, 'MOHAMMAD BAHRONI', 'Siswa', 'TRTL802', 'XI', 2),
(568, 'MUHAMMAD JEFRI ARIZAL', 'Siswa', 'NOBEPZI', 'XI', 2),
(569, 'NAURA VADELIA ANNISA', 'Siswa', '8QJG2XX', 'XI', 2),
(570, 'NAURI VADELIA SYAMSA', 'Siswa', 'OTCQFQD', 'XI', 2),
(571, 'NURUL NADIA SOLEHATI', 'Siswa', 'VVUTJ0X', 'XI', 2),
(572, 'PIPIN WIDAYANTI', 'Siswa', '2TD1OJT', 'XI', 2),
(573, 'PUTRI AYU DIAN PERMATASARI', 'Siswa', 'LVCDVON', 'XI', 2),
(574, 'PUTRI DWI KENCANA', 'Siswa', 'L5OUVRA', 'XI', 2),
(575, 'PUTRI INTAN NURAINI', 'Siswa', 'KLWN7YC', 'XI', 2),
(576, 'REGINA ANGGUN NADILA', 'Siswa', 'NXU6M02', 'XI', 2),
(577, 'SHINTA NUR AINI', 'Siswa', 'BOBTH7R', 'XI', 2),
(578, 'SINDY MUTIARA NOER WAGE APRERIA', 'Siswa', 'XSK8CT3', 'XI', 2),
(579, 'SRI WAHYUNI', 'Siswa', '9D4B3UV', 'XI', 2),
(580, 'TRI UTAMI', 'Siswa', 'BLE71IJ', 'XI', 2),
(581, 'ULUL AZMI RIZAL', 'Siswa', 'ICBQK6M', 'XI', 2),
(582, 'WULANDARI', 'Siswa', 'G4GY2SR', 'XI', 2),
(583, 'YUSRIL AWALIA RIZQA', 'Siswa', 'R84IH3M', 'XI', 2),
(584, 'AMILATUS SOLEHAH', 'Siswa', '8R1EH2W', 'XI', 1),
(585, 'ANNISA FIRDATUL AISYAH', 'Siswa', 'HMH4QWU', 'XI', 1),
(586, 'ARIDHO HA`IL IMRON', 'Siswa', 'MCVEI7R', 'XI', 1),
(587, 'DANIL RIZAL ADILFAS', 'Siswa', '03CFOG6', 'XI', 1),
(588, 'DESY PUTRI AYUNINGTIYAS', 'Siswa', 'PDSDJXP', 'XI', 1),
(589, 'DIAH NOVIATUL KHOTIJAH', 'Siswa', 'Q9QW5DA', 'XI', 1),
(590, 'DINDA UMI ZAKIYAH', 'Siswa', '0VX30KA', 'XI', 1),
(591, 'ENDANG SUPRIANINGSIH', 'Siswa', '9KJSXFS', 'XI', 1),
(592, 'FAISATUL UMAMAH', 'Siswa', '7RCY1OI', 'XI', 1),
(593, 'FANI HERLINA GEDEWATI', 'Siswa', 'KVNJQIR', 'XI', 1),
(594, 'FIRDA MURAFNI OKTA RAHAYU', 'Siswa', '0KSPBZL', 'XI', 1),
(595, 'FIRDANIA LUGITA', 'Siswa', 'Q9XMR2P', 'XI', 1),
(596, 'HIKMATUS SOLEHA', 'Siswa', 'S5J6M0O', 'XI', 1),
(597, 'IRMA KURNIATI', 'Siswa', 'ORQ5O58', 'XI', 1),
(598, 'MERY AZIZAH', 'Siswa', 'GG10SWP', 'XI', 1),
(599, 'MOCH ZAINURI', 'Siswa', 'W7SR5YO', 'XI', 1),
(600, 'MOHAMMAD WAHYU IRSANDI', 'Siswa', '2APHC51', 'XI', 1),
(601, 'MUHAMMAD AKBAR MAULANA', 'Siswa', 'ATXBQO5', 'XI', 1),
(602, 'MUHAMMAD FADIL SETIAWAN', 'Siswa', 'O0Q6ACA', 'XI', 1),
(603, 'NABILA PUTRI HIDAYANTI', 'Siswa', 'R1SLK6X', 'XI', 1),
(604, 'NADHIV MAULANA ZAKI', 'Siswa', '4CPTTUY', 'XI', 1),
(605, 'NADYA ANGGRAINI KUSUMA WARDHANI', 'Siswa', '4BO43VH', 'XI', 1),
(606, 'NAJMAH WAMEHNAZ', 'Siswa', 'K5IY5QD', 'XI', 1),
(607, 'NURLAILI FITRIANA DETASARI', 'Siswa', 'ST6XYC4', 'XI', 1),
(608, 'PUTRI APRILYANTI NURIYAH TZANI', 'Siswa', 'J3WP5A9', 'XI', 1),
(609, 'PUTRI DELIA ANDANI', 'Siswa', 'F607I4Q', 'XI', 1),
(610, 'RANI AMALIA SYAWALI', 'Siswa', 'FEEJ71L', 'XI', 1),
(611, 'RANI DWI PUTRI ERIYANTO', 'Siswa', 'W6O4TJI', 'XI', 1),
(612, 'RENA AYUNDA', 'Siswa', 'FP22W8A', 'XI', 1),
(613, 'SAFIRA DWI APRILIANI', 'Siswa', 'VOCM6AT', 'XI', 1),
(614, 'SAMSUL ARIFIN', 'Siswa', '4O2OSQ1', 'XI', 1),
(615, 'SITI REGITA ARRAYANI', 'Siswa', 'L7H13CT', 'XI', 1),
(616, 'AMALIA DWI YUNINDA HARDIYANTI', 'Siswa', 'LX9WWMW', 'XI', 1),
(617, 'AMANDA KHARISMATUL HASANAH', 'Siswa', 'SMOM5U1', 'XI', 1),
(618, 'ANUGGRAH DINI NUR FADHILAH', 'Siswa', 'CYCMSZR', 'XI', 1),
(619, 'DESTA NURMALIKA FITRIANI', 'Siswa', 'FMXGAQ6', 'XI', 1),
(620, 'DESY FITRI MULYANA', 'Siswa', 'EH6NMGE', 'XI', 1),
(621, 'DINDA YUNIA THAHIRAH', 'Siswa', '7P8FVYD', 'XI', 1),
(622, 'DWI ANGGRAINI', 'Siswa', 'CNPBO82', 'XI', 1),
(623, 'EVI OKTAVIYANTI', 'Siswa', '3H6VT7N', 'XI', 1),
(624, 'FAIKHOTUL KARIMAH', 'Siswa', '9ECB8MR', 'XI', 1),
(625, 'FAUZAN HAFIZ', 'Siswa', 'CCCNTOH', 'XI', 1),
(626, 'FEBRIAYU WARDATIN HASANAH', 'Siswa', 'N2HMHX5', 'XI', 1),
(627, 'IFAN MUNAWIROH', 'Siswa', '5AYZXHL', 'XI', 1),
(628, 'ILMA CHOIRIYAH', 'Siswa', '38H6666', 'XI', 1),
(629, 'ISMI HAKIKHOTUL JANNAH', 'Siswa', 'DPT8KQP', 'XI', 1),
(630, 'JAMILAH', 'Siswa', 'ZI6NFVY', 'XI', 1),
(631, 'JULIANDANA AGUS KERTIYASA', 'Siswa', 'D1VIY15', 'XI', 1),
(632, 'LAILATUL APRIL YANTI', 'Siswa', 'D4T5FQE', 'XI', 1),
(633, 'LANI PUTRI ABDIYANTI', 'Siswa', 'TK1M7DV', 'XI', 1),
(634, 'MARCELIA PUSPITA SARI', 'Siswa', 'LUPZ7FZ', 'XI', 1),
(635, 'MOCHHAMMAD AGUNG SETIAJI', 'Siswa', '67ZORTW', 'XI', 1),
(636, 'NABILLA EKA CARLINA', 'Siswa', '3M2IFDL', 'XI', 1),
(637, 'NADIA PERMATA SARI', 'Siswa', 'R4UUCAB', 'XI', 1),
(638, 'NAILY ROHMAH AGUSTIN', 'Siswa', '6ELQ2F6', 'XI', 1),
(639, 'RETA TRI RAHAYU', 'Siswa', 'CPX6NBW', 'XI', 1),
(640, 'RIA INDRIANTI', 'Siswa', 'PUF56PJ', 'XI', 1),
(641, 'SITI AINI RIFAIDAH FARADILAH ALAWIYAH', 'Siswa', 'V3KB3QX', 'XI', 1),
(642, 'SITI NUR AISYAH', 'Siswa', 'Y1RHP81', 'XI', 1),
(643, 'SITI NURUL AIDAH', 'Siswa', '92R9IHT', 'XI', 1),
(644, 'SITI YUSTIAMINAH', 'Siswa', '7DNE5TF', 'XI', 1),
(645, 'SYAFURA KHOLIFA ISNAIMANIA', 'Siswa', '6O120E0', 'XI', 1),
(646, 'UFILA ADETYA ELITA', 'Siswa', 'M3QBDOI', 'XI', 1),
(647, 'WINDA KRISNA YANTI ADEMIN', 'Siswa', 'Q73MNTN', 'XI', 1),
(648, 'YULIATIN', 'Siswa', '0AY3AAY', 'XI', 1),
(649, 'ABDUL HADI', 'Siswa', 'DWME6UW', 'XI', 3),
(650, 'ACHMAD HAIRUL ROSIKIN', 'Siswa', 'PPOYTN9', 'XI', 3),
(651, 'AGUNG TRI NUGROHO', 'Siswa', 'ZHLKST9', 'XI', 3),
(652, 'AKNEZ NURIL MAHMUDA', 'Siswa', 'VGCZ9V9', 'XI', 3),
(653, 'ALFIN SAPUTRA GUNAWAN', 'Siswa', 'HXCNLVF', 'XI', 3),
(654, 'ANANG FIRMANSYAH', 'Siswa', 'MLHCN30', 'XI', 3),
(655, 'AYU MAYANG SARI', 'Siswa', 'USIXIQF', 'XI', 3),
(656, 'BAHRUR ROSI', 'Siswa', '51GTBPK', 'XI', 3),
(657, 'CLAREN MACHMUD ZERHUSEIN', 'Siswa', 'BINA7IQ', 'XI', 3),
(658, 'DEVA ALI CANDRA WIJAYA', 'Siswa', 'V6PCEZJ', 'XI', 3),
(659, 'DWI ADI SAPUTRO', 'Siswa', '22ZZTF2', 'XI', 3),
(660, 'JOYA PRATIWI YULIANTI', 'Siswa', 'ELIVOYW', 'XI', 3),
(661, 'JUNIA SALSA DILA', 'Siswa', '0TBANJ4', 'XI', 3),
(662, 'LELY CATUR HARIANTO', 'Siswa', '5TT2A4S', 'XI', 3),
(663, 'MESYYE ADINDA AYU LESTARI', 'Siswa', 'I8LF1FB', 'XI', 3),
(664, 'MOCHAMMAD BAGAS FAHRI ALI', 'Siswa', '55S0D72', 'XI', 3),
(665, 'MOCHAMMAD RIZKI MAULANA', 'Siswa', '5MQ5Z3H', 'XI', 3),
(666, 'MOHAMMAD TAUFIK WIJAYA', 'Siswa', 'PCS20V8', 'XI', 3),
(667, 'MUHAMMAD ARIF ABDUL MAJID', 'Siswa', 'HUEJ0NQ', 'XI', 3),
(668, 'MUHAMMAD AS`AD AINUL YAQIN', 'Siswa', 'ACZKTJ7', 'XI', 3),
(669, 'MUHAMMAD IRFAN EFENDI', 'Siswa', 'S4PSTY4', 'XI', 3),
(670, 'MUHAMMAD RIZKY EKA FIRMAN MAULANA', 'Siswa', '733IS2W', 'XI', 3),
(671, 'NOVITA PUTRI ANGGRAENI', 'Siswa', 'US0Z3KF', 'XI', 3),
(672, 'PRIYAMITRA ARIFIN', 'Siswa', 'C8AE0J3', 'XI', 3),
(673, 'REGINA OKTA VIOLA', 'Siswa', 'L0MP8CX', 'XI', 3),
(674, 'RIFQI MAULANA', 'Siswa', 'XWQXD16', 'XI', 3),
(675, 'RISKI LUTFI HANDA RISKA', 'Siswa', 'YKJZ460', 'XI', 3),
(676, 'TOBY AGUNG BASKARA', 'Siswa', '9GGTFCW', 'XI', 3),
(677, 'YUYUN APRILIA', 'Siswa', 'KJAVUX6', 'XI', 3),
(678, 'AGENG PRAYOGA', 'Siswa', 'J54GYO2', 'XI', 3),
(679, 'AGUNG FIRMANSYAH', 'Siswa', 'M5KAGYK', 'XI', 3),
(680, 'ALFAN SEPRIAN PERDANA', 'Siswa', 'I2OPZID', 'XI', 3),
(681, 'ALIY BALKHI MITSEJU KIBAR TANASA', 'Siswa', 'EF2RRYS', 'XI', 3),
(682, 'AMELIA SAVA MAULANA', 'Siswa', 'AO8OAA2', 'XI', 3),
(683, 'BENTENG ALSYAFAT', 'Siswa', '7063YTO', 'XI', 3),
(684, 'HALIMATUZ ZAHRA', 'Siswa', '2OPE75Q', 'XI', 3),
(685, 'HASAN AHMAD', 'Siswa', '3VSAI61', 'XI', 3),
(686, 'INDRA DWI WARDHANA', 'Siswa', 'WSLNJQ3', 'XI', 3),
(687, 'MOHAMMAD FAJAR SODIQ', 'Siswa', 'K4Z4W9F', 'XI', 3),
(688, 'MOHAMMAD FATONI', 'Siswa', 'EEQP2UP', 'XI', 3),
(689, 'MUHAMMAD ALI WAFI', 'Siswa', 'BMTZ8RT', 'XI', 3),
(690, 'MUHAMMAD ALIT OKTAVIAN', 'Siswa', 'KD30GCO', 'XI', 3),
(691, 'MUHAMMAD GARIN MAHISA', 'Siswa', '1X2L6AF', 'XI', 3),
(692, 'MUHAMMAD HALIF NUR KAMIL', 'Siswa', 'HSH0ZPH', 'XI', 3),
(693, 'MUHAMMAD MAHSUN', 'Siswa', '4VZSJFG', 'XI', 3),
(694, 'NURUL FATIMAH', 'Siswa', '1Q9U9YP', 'XI', 3),
(695, 'RAMAWIJAYA WIDI PUTRA', 'Siswa', 'FE084BS', 'XI', 3),
(696, 'REVIAN SEPTIAWAN', 'Siswa', 'RY64YBS', 'XI', 3),
(697, 'RICO ALAN FERNANDA', 'Siswa', '3BM7HFS', 'XI', 3),
(698, 'ROHMATUN NUR AFDANIA', 'Siswa', 'HQ1QNXQ', 'XI', 3),
(699, 'SHELAISAH ARMANI FATIHAH', 'Siswa', '51X9LC2', 'XI', 3),
(700, 'SISKA AGUSTINA', 'Siswa', '7IJFGRV', 'XI', 3),
(701, 'SITI NUR AZIZAH', 'Siswa', 'D8L5OG6', 'XI', 3),
(702, 'SUPRIYADI', 'Siswa', 'OQWRV4O', 'XI', 3),
(703, 'WALDI BASKAFI', 'Siswa', 'ZSEDXTD', 'XI', 3),
(704, 'ANANG WAHYUDI', 'Siswa', 'AMMH8HE', 'XI', 4),
(705, 'AYU HOSNUL HOTIMAH', 'Siswa', 'GFFTQ32', 'XI', 4),
(706, 'BAHREN PUTRI RAMADELLA', 'Siswa', '5M1HY82', 'XI', 4),
(707, 'DANIAH TRINA JESSICA', 'Siswa', '481L39D', 'XI', 4),
(708, 'DELLA ANJARWANGI', 'Siswa', 'B56LARH', 'XI', 4),
(709, 'DIAN AYU PRATIWI', 'Siswa', '4DB42CN', 'XI', 4),
(710, 'DINDA PUTRI ISNAINI', 'Siswa', 'BA5LP95', 'XI', 4),
(711, 'DWI RAHMA YULIANTI ', 'Siswa', '084PH9E', 'XI', 4),
(712, 'FADILLA SINDI APRILIA PUTRI SISWANTO', 'Siswa', 'UY0UCE2', 'XI', 4),
(713, 'FIRDAUSIYAH MUNIR', 'Siswa', 'UQES1SS', 'XI', 4),
(714, 'HUSNUL HOTIMAH', 'Siswa', 'LNJ4TUG', 'XI', 4),
(715, 'INTAN AYU UMAISAROH', 'Siswa', 'NYXTZF9', 'XI', 4),
(716, 'JUMANIDAH', 'Siswa', 'Y9Z8Y4I', 'XI', 4),
(717, 'MEIRANI DIVANA', 'Siswa', 'DX4XW7E', 'XI', 4),
(718, 'MOCHAMMAD ZAENOL KHOLIL', 'Siswa', 'TPSTKF4', 'XI', 4),
(719, 'MUHAMMAD RIZAL RAMLY (DI)', 'Siswa', 'HFPRICM', 'XI', 4),
(720, 'MUHAMMAD ADIYANTO', 'Siswa', '9SF677O', 'XI', 4),
(721, 'NADILA SELVIANA', 'Siswa', 'WQG4D0Y', 'XI', 4),
(722, 'NANDA HASTIAH', 'Siswa', 'CW1WU0Q', 'XI', 4),
(723, 'NOVELIA INDAH DHEA AYU PUTRI AFFANDI', 'Siswa', 'IA4VK3R', 'XI', 4),
(724, 'QORY INTAN MAULIDYAH', 'Siswa', 'UR7OPAV', 'XI', 4),
(725, 'RARA YULIA UTAMI', 'Siswa', '5JWHNZG', 'XI', 4),
(726, 'RATIH ANGGRAENI', 'Siswa', '07T3Z1C', 'XI', 4),
(727, 'RATNA HIDAYANTI', 'Siswa', '6MEZ4AD', 'XI', 4),
(728, 'ROSALIA ROSYIDA AZZAH', 'Siswa', 'AWN8KNY', 'XI', 4),
(729, 'SELY KURNIASIH PUTRI', 'Siswa', 'B5DLGJD', 'XI', 4),
(730, 'SINDY FITRIYATUL ZUHRO', 'Siswa', '539LTIL', 'XI', 4),
(731, 'SITI NURCHORIMA', 'Siswa', 'G0BGM0O', 'XI', 4),
(732, 'SRI KURNIA RANDINI', 'Siswa', 'PFMQCZ9', 'XI', 4),
(733, 'WARDLA ANIS SULALA', 'Siswa', '6YDJ1GM', 'XI', 4),
(734, 'WIKE TIANA DEWI', 'Siswa', 'MJY4PWK', 'XI', 4),
(735, 'YOLANDA KARMILASARI', 'Siswa', 'TJ052UE', 'XI', 4),
(736, 'YULIA NILAM AGUSTIN', 'Siswa', 'O1GQ5HN', 'XI', 4),
(737, 'AMANDA KURNIALAILATUL BAHRI', 'Siswa', 'XRUW24Q', 'XI', 4),
(738, 'ANGGEL JENITA DEVI', 'Siswa', 'R00WH4U', 'XI', 4),
(739, 'ANGGI DWI AGUSTIN', 'Siswa', '8UADWWQ', 'XI', 4),
(740, 'ANISATUS SHALEHA', 'Siswa', 'BYZ4LXG', 'XI', 4),
(741, 'AVELIA DESTA PRATIWI', 'Siswa', '9XBTTCM', 'XI', 4),
(742, 'BALQIS NURHALIZA', 'Siswa', 'EHYOHOJ', 'XI', 4),
(743, 'CINDY NOVITA RAMADHANI', 'Siswa', '5YAZ4SF', 'XI', 4),
(744, 'DELISA ALFITRIYAH', 'Siswa', '7XJFRHJ', 'XI', 4),
(745, 'DIVOE AYUFRI ANDINI ORYZCA', 'Siswa', 'EAOUYIS', 'XI', 4),
(746, 'ENDANG SUTRIATUS SOLEHA', 'Siswa', 'XEZMKJ7', 'XI', 4),
(747, 'ERWIN PURWANTO', 'Siswa', 'LJRC5KP', 'XI', 4),
(748, 'FARADILLA EKA FITRIYANI', 'Siswa', 'F60L7W7', 'XI', 4),
(749, 'FARANTIKA', 'Siswa', '37G3RF7', 'XI', 4),
(750, 'FAULATA YUNI SAFITRIH', 'Siswa', '4QLI17Z', 'XI', 4),
(751, 'IFRAN SULAEMAN', 'Siswa', 'ZMY9ZT8', 'XI', 4),
(752, 'JANNATUN NADZIFAH', 'Siswa', 'LDO33EC', 'XI', 4),
(753, 'KARENDA BELLA NOVARINA', 'Siswa', 'JIL5VGB', 'XI', 4),
(754, 'KETTY INDAH RATNASARI', 'Siswa', 'DZXITKF', 'XI', 4),
(755, 'MERINA ZAHARANI', 'Siswa', 'AUJ33PA', 'XI', 4),
(756, 'MITA LINDAWATI', 'Siswa', 'SRGWYNA', 'XI', 4),
(757, 'MOHAMMAD AGIL SAIFUL RIZAL', 'Siswa', 'HJK4LF4', 'XI', 4),
(758, 'MUHAMMAD RONI', 'Siswa', 'J2LC65O', 'XI', 4),
(759, 'NOVITA SARI', 'Siswa', 'ZARPFQL', 'XI', 4),
(760, 'NUR DIAH SYAFIRATUN NASABILA', 'Siswa', 'L2NHWXU', 'XI', 4),
(761, 'NURIL DEVITASARI', 'Siswa', '35CKKP2', 'XI', 4),
(762, 'SARI DEWI FEBRIATI NINGSIH', 'Siswa', 'WINA0XA', 'XI', 4),
(763, 'SHERLY ARTANIA', 'Siswa', '2IBFH2B', 'XI', 4),
(764, 'SITI LAILI RAHMAWATI', 'Siswa', '4I3SKXE', 'XI', 4),
(765, 'SITI MAFTUFAH', 'Siswa', '4ODM244', 'XI', 4),
(766, 'SYUMROTUL AINI', 'Siswa', 'C9PZMCC', 'XI', 4),
(767, 'TALITHA AMALIA SYAFINDA', 'Siswa', 'ZOG28A7', 'XI', 4),
(768, 'VELIA MAYA FARADILA', 'Siswa', 'YT5BZVR', 'XI', 4),
(769, 'ABDUL AZIZ', 'Siswa', 'KSQX9TJ', 'XI', 6),
(770, 'ADHELLA PUTRI ISTIFAROH LUBIS', 'Siswa', 'K4K8JB4', 'XI', 6),
(771, 'ADINDA DWI LESTARI', 'Siswa', 'XZ99R0L', 'XI', 6),
(772, 'AENUR ROFIKI', 'Siswa', '7S9H2MR', 'XI', 6),
(773, 'AFIF RAHMAN JUNAIDI', 'Siswa', 'QCOB0LI', 'XI', 6),
(774, 'AHMAD GANDUL JAMALUDIN', 'Siswa', 'SY9OVZZ', 'XI', 6),
(775, 'ANNISA MAULIDA', 'Siswa', 'IX1VFTT', 'XI', 6),
(776, 'DESTRI LOLITA FITRI ANGGRAINI', 'Siswa', 'WZD0RAB', 'XI', 6),
(777, 'EVI NURDIANA', 'Siswa', 'XOEC7AI', 'XI', 6),
(778, 'FAIKATUS SHOLIHAH', 'Siswa', 'JQM0EBW', 'XI', 6),
(779, 'FITRIYATUL ARIFAH', 'Siswa', 'O3KGXOS', 'XI', 6),
(780, 'INDAH LUTFI WARDANI', 'Siswa', 'SCQ11L7', 'XI', 6),
(781, 'IRFAN EVENDI', 'Siswa', '70S0GJV', 'XI', 6),
(782, 'IZZATUL FITRIYAH', 'Siswa', 'LT4AA5S', 'XI', 6),
(783, 'KOIRUL ANJAL', 'Siswa', 'BFIOL1M', 'XI', 6),
(784, 'LENA AYU KRISTINA', 'Siswa', 'FZIEU63', 'XI', 6),
(785, 'MARETHA PURNAMA DEWI', 'Siswa', '525QVNF', 'XI', 6),
(786, 'MOCHAMMAD AKMAL FAKHRIZI', 'Siswa', '51Q59U5', 'XI', 6),
(787, 'MUCHAMMAD FADLI ARIFIN', 'Siswa', 'REWSAWV', 'XI', 6),
(788, 'MUHAMMAD ARISSANDI ', 'Siswa', 'PIGEP39', 'XI', 6),
(789, 'MUHAMMAD FATHAN', 'Siswa', 'W3CJ19I', 'XI', 6),
(790, 'MUHAMMAD NOVEL SAMSUL HADI', 'Siswa', 'XRYNL9X', 'XI', 6),
(791, 'MUHAMMAD WAFIRUL HADDHI', 'Siswa', 'TZCICQN', 'XI', 6),
(792, 'NAILY MUFIDHOTUL HASANAH', 'Siswa', '5ZSXJXF', 'XI', 6),
(793, 'NENDEN ELSA SUKMA SAPUTRA', 'Siswa', 'ZRPU1N0', 'XI', 6),
(794, 'PUTRI SEPTIYA FEBRIANTI', 'Siswa', '5SPFXOM', 'XI', 6),
(795, 'ROHITA BELA DIAN PERMATA', 'Siswa', 'VNX1KHK', 'XI', 6),
(796, 'SRI INDAH WAHYUNI', 'Siswa', 'Q08BTTR', 'XI', 6),
(797, 'TRIANDANI RATNA KUMALA', 'Siswa', 'KA2NHI8', 'XI', 6),
(798, 'VIANICA PUTRI HALIZA', 'Siswa', 'JHHIJ05', 'XI', 6),
(799, 'WARINI', 'Siswa', 'QDA3DMO', 'XI', 6),
(800, 'YURIKE TRIWULAN', 'Siswa', 'VPZEJBZ', 'XI', 6),
(801, 'ALIYA SALSABILA', 'Siswa', 'RZOVS0R', 'XI', 6),
(802, 'AN NISA NUR RACHMADILLA', 'Siswa', '8SUPVDH', 'XI', 6),
(803, 'AQIDATUL LAELA', 'Siswa', 'OBW14GG', 'XI', 6),
(804, 'DENDI RIZKI ZULAIMAN', 'Siswa', '75N1RHB', 'XI', 6),
(805, 'DENISHA PUTRI ANGELINA', 'Siswa', 'SDNDY8Y', 'XI', 6),
(806, 'DIAN AYU SAFITRI', 'Siswa', 'D1O44HS', 'XI', 6),
(807, 'DINA NOVI INDARTI', 'Siswa', 'OKT536T', 'XI', 6),
(808, 'ELVIRA PUTRI YUNIAR', 'Siswa', 'GBYD1YV', 'XI', 6),
(809, 'FAIBAH LUSIANA AMALIA', 'Siswa', 'CQCR946', 'XI', 6),
(810, 'FENTI PUSPA WIDIYANTI', 'Siswa', '4HAI6NT', 'XI', 6),
(811, 'GALUH PUTRI WILANDIKA', 'Siswa', 'WZZPOKI', 'XI', 6),
(812, 'ISMATUL MAULA', 'Siswa', 'SGWCD2S', 'XI', 6),
(813, 'KARINA', 'Siswa', '7D54ZIE', 'XI', 6),
(814, 'MAESARANI', 'Siswa', 'B59KECP', 'XI', 6),
(815, 'MARETHA NOVIANTIKA', 'Siswa', 'TOLMT68', 'XI', 6),
(816, 'MARTHA DWI SOESANTO', 'Siswa', 'SCTEUYW', 'XI', 6),
(817, 'MOCHAMMAD DJAE RAMADHAN', 'Siswa', 'L631SR2', 'XI', 6),
(818, 'MOHAMMAD UBAIDILLAH', 'Siswa', 'AFQHNI0', 'XI', 6),
(819, 'MOHAMMAD WILDIAN ROMADHANI ', 'Siswa', 'F9C7Z67', 'XI', 6),
(820, 'MUHAMMAD DIDIN CAHYONO', 'Siswa', 'L5KI2EK', 'XI', 6),
(821, 'MUHAMMAD ISBATUL MUBARAK', 'Siswa', '6FLMWQ5', 'XI', 6),
(822, 'MUZAMMIL HASAN', 'Siswa', 'XB809NV', 'XI', 6),
(823, 'NIRWANDA SARI', 'Siswa', '7THA426', 'XI', 6),
(824, 'OKTAVIA LAELATUL NUR JANNAH', 'Siswa', 'RMH44LM', 'XI', 6),
(825, 'RATIH PURWASIH', 'Siswa', '71OF2Q5', 'XI', 6),
(826, 'RENI SAFITRI', 'Siswa', 'JBWC2PT', 'XI', 6),
(827, 'SERLI AGUSTIN', 'Siswa', '2XQ8Q0B', 'XI', 6),
(828, 'SITI AISYAH', 'Siswa', 'EZF8M9E', 'XI', 6),
(829, 'TEGUH FARIZAL AMIR', 'Siswa', 'FARLHN0', 'XI', 6),
(830, 'UMIYATI', 'Siswa', 'ZCB8E60', 'XI', 6),
(831, 'VALEO FERDIANDO', 'Siswa', 'IOAWRKD', 'XI', 6),
(832, 'WULANDARI', 'Siswa', '3YQBOMR', 'XI', 6),
(833, 'ADE CHRISNA BIMANTARA PRAKASA', 'Siswa', '7GSEG21', 'XI', 5),
(834, 'ALIF IMANULLAH KRISNA ALAM', 'Siswa', 'BP9J4L1', 'XI', 5),
(835, 'ALIF MAULANA IKSAN', 'Siswa', 'SMHXJ5M', 'XI', 5),
(836, 'ANUGERAH PUTRA SUWANTONO', 'Siswa', 'KORJ5ID', 'XI', 5),
(837, 'AUDRI DWI PUTRA NURILAHI', 'Siswa', '0FQ3K1Q', 'XI', 5),
(838, 'DENIS IVAN SANTOSO', 'Siswa', '6SHMV87', 'XI', 5),
(839, 'DIMAS DWI YULIANTO', 'Siswa', 'UD47GHG', 'XI', 5),
(840, 'EDWIN FIRMANSYAH', 'Siswa', 'AYSJM1L', 'XI', 5),
(841, 'FARA DERLIANA', 'Siswa', 'JX76VM8', 'XI', 5),
(842, 'GANI PRASETYO', 'Siswa', 'DJ5AKA6', 'XI', 5),
(843, 'GHILMAN ROIF ZAKIRI', 'Siswa', '9297XNS', 'XI', 5),
(844, 'HILMY ARYA FADHIL', 'Siswa', 'Z6TTGZW', 'XI', 5),
(845, 'INDRA PRASETYO WIJAYA', 'Siswa', 'X62MZKT', 'XI', 5),
(846, 'IQBAL SYIFAIS SHODRI', 'Siswa', 'LDPPDMU', 'XI', 5),
(847, 'JAMILA', 'Siswa', 'VPJLC2P', 'XI', 5),
(848, 'LOIS CHRISTIAN', 'Siswa', '5F04KWZ', 'XI', 5),
(849, 'MEISA MAULITA DWI CAHYA', 'Siswa', 'QWNW03C', 'XI', 5),
(850, 'MOHAMMAD SAHRULLAH', 'Siswa', '224F1JR', 'XI', 5),
(851, 'MUHAMMAD ARDIANSYAH MAULANA', 'Siswa', '1P1NIQT', 'XI', 5),
(852, 'MUHAMMAD DANIYAL ABAS', 'Siswa', 'RA5VGX2', 'XI', 5),
(853, 'MUHAMMAD HASANI', 'Siswa', '2CUZJW6', 'XI', 5),
(854, 'NUR ANNISA', 'Siswa', 'I0VJSXU', 'XI', 5),
(855, 'PUTRI MAHARANI', 'Siswa', 'L3C0S37', 'XI', 5),
(856, 'RICKY TRI SETIAWAN PUTRA', 'Siswa', '8WEW3NV', 'XI', 5),
(857, 'SELFIANA NORLINDASARI', 'Siswa', 'J6XCN75', 'XI', 5),
(858, 'ULUNG MUKTARUM', 'Siswa', '51XNA3K', 'XI', 5),
(859, 'WINDIA WULANDARI', 'Siswa', 'VBKZ05H', 'XI', 5),
(860, 'ZAINUR RASHID AL MUZANNI', 'Siswa', 'LSHIX4M', 'XI', 5),
(861, 'ABIYYU QO`ISAUFA TRIDIDA', 'Siswa', '02UPVR7', 'XI', 5),
(862, 'ACHMAD ADZIM GOZALI', 'Siswa', 'LXKU5Z0', 'XI', 5),
(863, 'ADELIA WIDYANINGAYU WARDANI', 'Siswa', 'JOVLOUK', 'XI', 5),
(864, 'AISYAH TRI OKTARIA', 'Siswa', 'YQ7BTE1', 'XI', 5),
(865, 'AKBAR RAMADHANI FIRDAUS', 'Siswa', 'OPETGYO', 'XI', 5),
(866, 'ARROM ADIPTA BAGAS', 'Siswa', '7Y9YMNW', 'XI', 5),
(867, 'BILQIS AULIA PUTRI', 'Siswa', 'K1Q6HGL', 'XI', 5),
(868, 'DANIEAL MATIN ABDILLAH', 'Siswa', 'K19P7T3', 'XI', 5),
(869, 'FASHA GALIH PUTRA ARIFANDI', 'Siswa', 'O1DKYLY', 'XI', 5),
(870, 'MANSUR', 'Siswa', '6ZHRO4B', 'XI', 5),
(871, 'MOCHAMMAD EFENDI', 'Siswa', 'LBKZMFP', 'XI', 5),
(872, 'MOHAMMAD HOPI', 'Siswa', '04OHDK8', 'XI', 5),
(873, 'MOHAMMAD RAFLI UBAIDILLAH', 'Siswa', 'PF81KHY', 'XI', 5),
(874, 'MUHAMMAD AKHSANAH SHOLEH', 'Siswa', 'DXTZMUA', 'XI', 5),
(875, 'MUHAMMAD ASYROF FADHILLAH', 'Siswa', '2MLV1FL', 'XI', 5),
(876, 'MUHAMMAD FERDYANSYAH', 'Siswa', 'VOU2GWC', 'XI', 5),
(877, 'MUHAMMAD FIKRI ATOILLAH', 'Siswa', '0OYT1Z6', 'XI', 5),
(878, 'MUHAMMAD RHOMAEDI', 'Siswa', '39DTDTH', 'XI', 5),
(879, 'MUHAMMAD SALMAN AL FARISI', 'Siswa', 'ZKI68II', 'XI', 5),
(880, 'MUSHAFI WAHDI', 'Siswa', 'AWKG1IQ', 'XI', 5),
(881, 'NANDA FIRA SELVIANA', 'Siswa', '971ZLXK', 'XI', 5),
(882, 'RAIHAN ACHMAD DANI FIRMANSYAH', 'Siswa', '7YR17IX', 'XI', 5),
(883, 'RENZA FEBRIANA', 'Siswa', 'R8LR6A4', 'XI', 5),
(884, 'ROBIY ALFAHAD', 'Siswa', 'TK858M9', 'XI', 5),
(885, 'TRIANTONO ADI PRIAMBODO', 'Siswa', 'QRE6XNL', 'XI', 5),
(886, 'WAHYUDI', 'Siswa', '1H0SZV9', 'XI', 5),
(887, 'WILDAN ARIA FIRMANSYAH', 'Siswa', 'G6IXCTP', 'XI', 5),
(888, 'WINDAWATI AGUSTIN', 'Siswa', 'KUN1LZA', 'XI', 5),
(889, 'YUAN FIRNANDA ANDIANSYAH', 'Siswa', '3RJG919', 'XI', 5),
(890, 'AGUNG RAHMAD HERIYANTO', 'Siswa', 'MW4UCAP', 'XI', 7),
(891, 'AHMAD HAYKEL AL HADDAR', 'Siswa', 'TA6EWHQ', 'XI', 7),
(892, 'AHMAD SYARIF BAHANAN', 'Siswa', 'U1GF78A', 'XI', 7),
(893, 'ALI ZAINAL ABIDIN', 'Siswa', '20SP4LQ', 'XI', 7),
(894, 'ANTON SUGIARTO', 'Siswa', '4E81S2E', 'XI', 7),
(895, 'ARIT IMANIAH', 'Siswa', '6K6WJRI', 'XI', 7),
(896, 'DAFFA RIZKY RAMADHANI (DI)', 'Siswa', '06H1AXA', 'XI', 7),
(897, 'DAVA ALIF AMRULLAH', 'Siswa', '6KZB3Q4', 'XI', 7),
(898, 'DWI NURIYANTO', 'Siswa', 'N9L425Y', 'XI', 7),
(899, 'IMAM QULYUBI', 'Siswa', 'AEQTFN2', 'XI', 7),
(900, 'IMRON SHODIK', 'Siswa', 'I0YAA21', 'XI', 7),
(901, 'MOCHAMMAD YUSRON PRADANA AL BADRI', 'Siswa', 'N2PMNP0', 'XI', 7),
(902, 'MOHAMMAD AGUNG WIDJANARKO', 'Siswa', '61WGPNJ', 'XI', 7),
(903, 'MUHAMMAD CONDRO ASEP SAPUTRA', 'Siswa', '7YN23XP', 'XI', 7),
(904, 'MUHAMMAD FIQRI', 'Siswa', '2WB9FGJ', 'XI', 7),
(905, 'MUHAMMAD HASYIM MUSADI', 'Siswa', 'CIJB3XI', 'XI', 7);
INSERT INTO `peserta` (`id`, `nama`, `tipe`, `qr_code`, `kelas`, `id_jurusan`) VALUES
(906, 'MUHAMMAD JUNAIDI AULIA IHSAN', 'Siswa', '5UFUM5Y', 'XI', 7),
(907, 'MUHAMMAD MUTAWAKIL', 'Siswa', 'L0B5OQB', 'XI', 7),
(908, 'MUHAMMAD NAGIB', 'Siswa', 'UNKJEF9', 'XI', 7),
(909, 'MUHAMMAD RAMADANI', 'Siswa', 'KCLOCE6', 'XI', 7),
(910, 'MUHAMMAD REGA AS`AT DIANSYAH', 'Siswa', 'KAVNCQC', 'XI', 7),
(911, 'MUHAMMAD ROBIYATUL HASAN', 'Siswa', 'IRJ2RV7', 'XI', 7),
(912, 'MUHAMMAD SOFYAN SAURI', 'Siswa', 'MN47FW5', 'XI', 7),
(913, 'MUHAMMAD WAHYU MAULADI', 'Siswa', '6JGDOL5', 'XI', 7),
(914, 'NUR ZUMROTUL ULIYA', 'Siswa', 'VFFQS0H', 'XI', 7),
(915, 'RAGIEL FAQIH NABILAL RAMADHAN', 'Siswa', 'JWP8GH8', 'XI', 7),
(916, 'ROFI ARDIANSYAH', 'Siswa', 'KQZW94O', 'XI', 7),
(917, 'SALMAN AL FARIZI', 'Siswa', 'IL8MYGZ', 'XI', 7),
(918, 'SELVI RISDIYANTI', 'Siswa', '1WUEF1J', 'XI', 7),
(919, 'TIKA DWI SUHARDININGSIH', 'Siswa', 'SOMNBBR', 'XI', 7),
(920, 'ABDUR ROHMAN', 'Siswa', 'HTSU2DJ', 'XI', 7),
(921, 'ACHMAD ILYAS', 'Siswa', 'GKHKORX', 'XI', 7),
(922, 'ACHMAD RIFAL FANDIWIANTO', 'Siswa', '4H6O8RN', 'XI', 7),
(923, 'AHMAD KHOIRUL ANSORI', 'Siswa', 'L1FEBEZ', 'XI', 7),
(924, 'ALIF KHUSNUL RASYID', 'Siswa', 'TF5EAZE', 'XI', 7),
(925, 'ANDI HAMID FEBRIANSYAH RIDWANDA', 'Siswa', 'RX90N51', 'XI', 7),
(926, 'BONDAN ADI PRASETYO', 'Siswa', 'LONYRPN', 'XI', 7),
(927, 'BUDI PRAYITNO', 'Siswa', 'YWI5CLS', 'XI', 7),
(928, 'CANDI AGUSTA ISLAMI ANO', 'Siswa', 'XAP607W', 'XI', 7),
(929, 'DHIEMAS HAADZIC NIESVU RAMADHAN', 'Siswa', 'TD128LR', 'XI', 7),
(930, 'DODIK SHOLEHUDDIN', 'Siswa', 'J6FE816', 'XI', 7),
(931, 'FIRA YUSTIKA ANGRAENI', 'Siswa', 'D8R80Y3', 'XI', 7),
(932, 'GILANG DWI ANDITHA', 'Siswa', '4UJE1YO', 'XI', 7),
(933, 'IFO RESKI ANJAYA', 'Siswa', 'NIJ4W6A', 'XI', 7),
(934, 'IMAM HANAFI', 'Siswa', '35BZ9HK', 'XI', 7),
(935, 'MOCHAMMAD RAFLI OKTAVIAN', 'Siswa', 'KCOTJBW', 'XI', 7),
(936, 'MOHAMMAD FAJAR ROMADHANI', 'Siswa', 'A28SQQR', 'XI', 7),
(937, 'MOHAMMAD KHOIRUL ANAM', 'Siswa', 'OGZZMJC', 'XI', 7),
(938, 'MOHAMMAD SOFYAN SISWANDRE', 'Siswa', 'UDQ4Y8N', 'XI', 7),
(939, 'MUHAMMAD SYARIF HIDAYATULLAH AL AZIZ', 'Siswa', 'S37GP1N', 'XI', 7),
(940, 'PRATAMA PRIEZHA CAHYA RAMADHAN', 'Siswa', 'RGWKYIS', 'XI', 7),
(941, 'PRIYO WIDODO', 'Siswa', 'VQ21VQ6', 'XI', 7),
(942, 'RAGEL YULIUS PRASTIO', 'Siswa', 'U1FTX0S', 'XI', 7),
(943, 'RAHMAN FIRMANSYAH', 'Siswa', 'QTT9OZC', 'XI', 7),
(944, 'RIKI HADIANSYAH', 'Siswa', 'CY5F1QV', 'XI', 7),
(945, 'RIVALDI KURNIAWAN', 'Siswa', 'QI23MDG', 'XI', 7),
(946, 'SONI', 'Siswa', 'QVTJ71S', 'XI', 7),
(947, 'SULTAN NABIL ZIAT BAHAMALAH', 'Siswa', 'LEHS6GF', 'XI', 7),
(948, 'TEGUH ABDI FAMAYANTO', 'Siswa', 'F11MSEJ', 'XI', 7),
(949, 'WINDA MEGARASIH', 'Siswa', '7BNIBIG', 'XI', 7),
(950, 'ABROOR RAIHAN YASIR NASTAIN', 'Siswa', 'F8MO40U', 'XI', 8),
(951, 'AHMAD FADHIL', 'Siswa', 'GFI6JGR', 'XI', 8),
(952, 'AHMAD VICKRI ALI SABANA ', 'Siswa', 'JRBJ9G9', 'XI', 8),
(953, 'AL FITRAH PUTRI MADANI', 'Siswa', 'UTNRGML', 'XI', 8),
(954, 'ARIFATUL NURWAHDIAH', 'Siswa', 'F004OV3', 'XI', 8),
(955, 'BAYU JEFRIYANTO PUTRA', 'Siswa', 'AJD89L4', 'XI', 8),
(956, 'DIMAS ADI SAPUTRA', 'Siswa', 'CNLGQCV', 'XI', 8),
(957, 'HARIS MAULANA ISHAK', 'Siswa', 'SIMKG24', 'XI', 8),
(958, 'ICA PUTRI BASIDATUR ROHMAH', 'Siswa', 'ADLC6KD', 'XI', 8),
(959, 'JAFAR SODEK', 'Siswa', 'WVFIHA4', 'XI', 8),
(960, 'M. FARHAN NADOFAL AIMAN', 'Siswa', 'XLV1TB3', 'XI', 8),
(961, 'MAHARANI DEWI PURWANTI', 'Siswa', '9IWIGW5', 'XI', 8),
(962, 'MAISATUL KARIMAH', 'Siswa', '76DYCF6', 'XI', 8),
(963, 'MAUFIDATURROHMAH', 'Siswa', 'LXR80JE', 'XI', 8),
(964, 'MOCHAMMAD RIZQI', 'Siswa', '88VL0E4', 'XI', 8),
(965, 'MOCHAMMAD WILDAN ALAIKA RAHMAN ', 'Siswa', 'B0AKZT1', 'XI', 8),
(966, 'MUHAMMAD ANGGI PRASATIYO', 'Siswa', 'XTS1EAH', 'XI', 8),
(967, 'MUHAMMAD GUFRON', 'Siswa', '9OY47TZ', 'XI', 8),
(968, 'MUHAMMAD NAFIK UDIN', 'Siswa', 'ROTY89O', 'XI', 8),
(969, 'MUHAMMAD RIZQUL WAFIN', 'Siswa', 'JQ6762M', 'XI', 8),
(970, 'MUHAMMAD ZARGAZI CANDRA GUNAWAN ', 'Siswa', 'M2T61IQ', 'XI', 8),
(971, 'NAUFEL WANDYA ROBBY SYAHBANA', 'Siswa', '8J4EX3I', 'XI', 8),
(972, 'NUR AZIZAH', 'Siswa', 'HGFIZY0', 'XI', 8),
(973, 'NUR VITATUL JANNAH', 'Siswa', '2VEEMC9', 'XI', 8),
(974, 'OKKY PUTRA RAMADAN', 'Siswa', '2AXGIYX', 'XI', 8),
(975, 'RAKA  SATRIA PRATAMA', 'Siswa', 'BJVRHT3', 'XI', 8),
(976, 'RISKI KURNIAWAN', 'Siswa', 'TQW273T', 'XI', 8),
(977, 'SEFINA CHUSNUL OKTAVIA', 'Siswa', 'G7AMFWR', 'XI', 8),
(978, 'SRI MEILINDA YULIANTI', 'Siswa', 'GD3IIXI', 'XI', 8),
(979, 'TITO APRILIYANTO PRATAMA', 'Siswa', 'W48GRZ9', 'XI', 8),
(980, 'UUN NUFIYA', 'Siswa', 'S1ZZEQA', 'XI', 8),
(981, 'VANNES ADITYA PRATAMA ', 'Siswa', 'TWPT5EI', 'XI', 8),
(982, 'WILLIBRORDUS RICHARDO HAMU TUKAN', 'Siswa', 'HLRD9AG', 'XI', 8),
(983, 'ADELIA ORYZA SATIVA', 'Siswa', 'L2Q8F22', 'XII', 2),
(984, 'CETRIENA USBACH PRAHAYU', 'Siswa', '54O6FBV', 'XII', 2),
(985, 'DIAH FEBRIANA ANGGRAINI', 'Siswa', 'UO5UMYY', 'XII', 2),
(986, 'DINDA AYU IHWAN SAFITRI', 'Siswa', 'QB14YSU', 'XII', 2),
(987, 'DWI AGUSTIN', 'Siswa', '0DHEO9D', 'XII', 2),
(988, 'DYASHINTA RYDMA RAHMAWATI', 'Siswa', 'KVCZ5W5', 'XII', 2),
(989, 'EKA SRIWIDARI', 'Siswa', 'XBMBBDO', 'XII', 2),
(990, 'FARADILA AYULA RITA', 'Siswa', 'C1ZAYAW', 'XII', 2),
(991, 'FERI UBAIDILLAH', 'Siswa', '3ZY0JE4', 'XII', 2),
(992, 'IRA ZAKIYATUL FITROH', 'Siswa', 'LZZBL38', 'XII', 2),
(993, 'LAFIFATUL BARIDATUR ROHMAH', 'Siswa', 'IY1R94S', 'XII', 2),
(994, 'LILIS NURSANTI', 'Siswa', 'GLOUCL9', 'XII', 2),
(995, 'MERRY SILVIANA TIRTA NINGSIH', 'Siswa', 'ENGH5N5', 'XII', 2),
(996, 'MIFTAHUS SURUR', 'Siswa', 'FAJSF6L', 'XII', 2),
(997, 'MUHAMMAD GREDY MEI FIRMANSYAH', 'Siswa', 'Y2HEA6W', 'XII', 2),
(998, 'NADIA', 'Siswa', '3LV4KT8', 'XII', 2),
(999, 'NATASYAH TRI AYU WULANDARI', 'Siswa', '2KUU1QR', 'XII', 2),
(1000, 'NAZRUL HUZAERI MAPPADANG', 'Siswa', 'T4IHW17', 'XII', 2),
(1001, 'PUTRI AYU KUMALASARI', 'Siswa', '3LJYQ04', 'XII', 2),
(1002, 'PUTRI VINDA OCTAVIA', 'Siswa', 'N5QZLJG', 'XII', 2),
(1003, 'RAHMANIA IMAMAH', 'Siswa', 'OGHJCXU', 'XII', 2),
(1004, 'RENDY RISWANTO', 'Siswa', 'YDUZQZI', 'XII', 2),
(1005, 'REZA WAHYUDI', 'Siswa', 'A1BNFK0', 'XII', 2),
(1006, 'RIA WIDAYANTI', 'Siswa', '5S0RWT7', 'XII', 2),
(1007, 'RISTIANA RAMADHANI PUTRI', 'Siswa', 'AJ6JNVP', 'XII', 2),
(1008, 'RIZKI APRILLIA', 'Siswa', 'KCZD4WH', 'XII', 2),
(1009, 'SELVIA FITRI', 'Siswa', 'DBE7QCO', 'XII', 2),
(1010, 'SITTI RAUDHATUL JANNAH', 'Siswa', '2OWBFB6', 'XII', 2),
(1011, 'SLAMET KURNIAWAN', 'Siswa', 'JJBA1U7', 'XII', 2),
(1012, 'ULIN NAVIVAH', 'Siswa', 'VWY9S4M', 'XII', 2),
(1013, 'YUNITA MAULINDA NABILA', 'Siswa', 'PYWSHAQ', 'XII', 2),
(1014, 'ZAIRISKI DWI AULIA', 'Siswa', 'BC6YO3L', 'XII', 2),
(1015, 'ABDUL WAHED', 'Siswa', 'T9V6316', 'XII', 2),
(1016, 'AHMAD NAWAWI', 'Siswa', 'UJW3JI7', 'XII', 2),
(1017, 'AMALIA AGUSTIN', 'Siswa', 'QPYHW4C', 'XII', 2),
(1018, 'ANDI DERMAWAN', 'Siswa', 'FUYPID9', 'XII', 2),
(1019, 'ANDINI WIRASTITY', 'Siswa', 'EFU5AYE', 'XII', 2),
(1020, 'ANDRE', 'Siswa', 'XRCR2IQ', 'XII', 2),
(1021, 'ARINI EKA REZKI AFANDI', 'Siswa', 'BUXL9QL', 'XII', 2),
(1022, 'DEWI KARTIKA', 'Siswa', 'XG3JF1U', 'XII', 2),
(1023, 'DIAH ANGGRAENI', 'Siswa', 'HKR3Q70', 'XII', 2),
(1024, 'DWI PUTRI AYU SAKINAH', 'Siswa', 'KTJTYBM', 'XII', 2),
(1025, 'DWI PUTRI CHARILA YUDIATI', 'Siswa', '40XLCH4', 'XII', 2),
(1026, 'FARIZAH NOR CHOLISA', 'Siswa', 'A95IRNP', 'XII', 2),
(1027, 'FAULATUL HASANAH', 'Siswa', 'F6P99RM', 'XII', 2),
(1028, 'ICHA RAMDHANIA FIRDAUS', 'Siswa', 'OB7LO12', 'XII', 2),
(1029, 'IMAM SAFII', 'Siswa', 'AFTFR38', 'XII', 2),
(1030, 'INTAN NOVITA ROSDIANA', 'Siswa', '5LLPQ0S', 'XII', 2),
(1031, 'LISA MAUFIROH', 'Siswa', '279B63C', 'XII', 2),
(1032, 'M.HOLIL', 'Siswa', 'RCKY78T', 'XII', 2),
(1033, 'MAUFIRAH AULIA SAFRINA', 'Siswa', 'DTYMKRS', 'XII', 2),
(1034, 'MOHAMMAD FADOILLAH SHOHIBUL HIKAM', 'Siswa', 'SCFP2GL', 'XII', 2),
(1035, 'MUHAMAD ARIANSYAH ISMAIL', 'Siswa', 'R4JIE5Q', 'XII', 2),
(1036, 'NOR LAELATUL MAUFIROH', 'Siswa', 'RIC8Z11', 'XII', 2),
(1037, 'REGINA ZELIA AMBARWATI', 'Siswa', 'IE54D76', 'XII', 2),
(1038, 'RIRIN MILASARI', 'Siswa', 'WT3LYV3', 'XII', 2),
(1039, 'RISKI INDAH LESTARI', 'Siswa', 'CX4J7FW', 'XII', 2),
(1040, 'RIZKATUL IZZAH', 'Siswa', '5VRA11I', 'XII', 2),
(1041, 'SITI NURUL QOMARIAH INDAH LESTARI', 'Siswa', '9VSE9O6', 'XII', 2),
(1042, 'SYAFIRA EKA FITRAHANA', 'Siswa', 'PUJZ4LQ', 'XII', 2),
(1043, 'TASYA NOER AYU DEVITA PUTRI', 'Siswa', '614NGWG', 'XII', 2),
(1044, 'UFILLAH ROZIANA', 'Siswa', 'W2IFRBF', 'XII', 2),
(1045, 'YOSI ARISTIAN PRIMADONA', 'Siswa', 'QIOEUV5', 'XII', 2),
(1046, 'AGHIN MARTHANA KUSUMAWATI', 'Siswa', 'C6RYGVM', 'XII', 1),
(1047, 'AHMAD FAISOL FIRDAUS', 'Siswa', 'VE71W84', 'XII', 1),
(1048, 'AHMAD RIZAL FAUZI', 'Siswa', 'XZKLQ56', 'XII', 1),
(1049, 'AHMAD RYO PRATAMA', 'Siswa', 'NOIZ50W', 'XII', 1),
(1050, 'AHRUR RIDHA', 'Siswa', 'LNFDAP9', 'XII', 1),
(1051, 'ANGGY RATNA AL-GHIFARI SASONGKO', 'Siswa', 'LZL84TG', 'XII', 1),
(1052, 'ANTIKA MIRNA YUNIARSIH', 'Siswa', '04GOC4U', 'XII', 1),
(1053, 'APRILIA NURAINI', 'Siswa', 'O5E8GHU', 'XII', 1),
(1054, 'CINDY PRAMUDIA', 'Siswa', 'XUE8G35', 'XII', 1),
(1055, 'DEWI ANTIKA SARI', 'Siswa', '19QEEJL', 'XII', 1),
(1056, 'DEWI KAULAN DANI', 'Siswa', 'PQHUI6C', 'XII', 1),
(1057, 'FANI DIAN FARERA', 'Siswa', 'IDXXMZ9', 'XII', 1),
(1058, 'FERI FIRMANSYAH', 'Siswa', '7P88AHD', 'XII', 1),
(1059, 'GEDY TIO VILYANTO', 'Siswa', 'OASER0A', 'XII', 1),
(1060, 'GITA YULIA PRATIWI', 'Siswa', 'KK0MBJK', 'XII', 1),
(1061, 'IRMA YULITA HANDAYANI', 'Siswa', 'D93OEUN', 'XII', 1),
(1062, 'IRVAN HADINATA', 'Siswa', 'SP0MMWJ', 'XII', 1),
(1063, 'JERY ALSA FEBRIANSYAH', 'Siswa', 'IPIKNCQ', 'XII', 1),
(1064, 'KHETRIN DIVADANI', 'Siswa', 'PVUYEYT', 'XII', 1),
(1065, 'KHOIRIYAH NURFAIZAH', 'Siswa', 'X4CLZWZ', 'XII', 1),
(1066, 'LINDA NOVITA SARI', 'Siswa', 'IUD4TQP', 'XII', 1),
(1067, 'LIZA LIANINGRUM', 'Siswa', 'ZL4R03N', 'XII', 1),
(1068, 'MAYANG REGINA PUTRI', 'Siswa', 'PBDASMY', 'XII', 1),
(1069, 'MIKE RINI SETIOBHAKTI', 'Siswa', 'FTM94HO', 'XII', 1),
(1070, 'MOHAMMAD ERICO SEPTIAWAN DIKA', 'Siswa', 'QJDXP1J', 'XII', 1),
(1071, 'MOHAMMAD FADLI', 'Siswa', '2KCABD9', 'XII', 1),
(1072, 'MOHAMMAD VIKRIH HIDAYATULLAH', 'Siswa', 'P5EM59C', 'XII', 1),
(1073, 'MUZAYYANAH', 'Siswa', 'LOFR0HR', 'XII', 1),
(1074, 'PRAMUDITA ADELIA PUTRI', 'Siswa', '9SNSN72', 'XII', 1),
(1075, 'PUTRI REVI MARISKA', 'Siswa', '9ND1KSA', 'XII', 1),
(1076, 'RISKA PRASTIKA', 'Siswa', '82AEJ3S', 'XII', 1),
(1077, 'SHOFIYATUL UMAMAH', 'Siswa', 'NJQPC7O', 'XII', 1),
(1078, 'UUN HIDAYAH PERMATA SARI', 'Siswa', 'G28VH9W', 'XII', 1),
(1079, 'YOVNA AFNI DARMAYANTI', 'Siswa', 'HIXB8EY', 'XII', 1),
(1080, 'AFIF AQIL THORIFA', 'Siswa', 'CKCIBJ2', 'XII', 1),
(1081, 'AGUNG KRISTIONO', 'Siswa', 'Y65KL0I', 'XII', 1),
(1082, 'AHMAD FADIL SANAWIYANTO', 'Siswa', 'NS5XVEI', 'XII', 1),
(1083, 'ALIFIA PASHA SETYAWAN', 'Siswa', 'IHTAO2R', 'XII', 1),
(1084, 'ANISA WULANDARI', 'Siswa', 'H0DE9GD', 'XII', 1),
(1085, 'DESTA NOVIA RAHMAWATI', 'Siswa', 'SU3ZURW', 'XII', 1),
(1086, 'DINNA BERLIANA', 'Siswa', 'TRM7DGO', 'XII', 1),
(1087, 'EKA SAPTA BAGAS MAHARDIKA', 'Siswa', 'X4BEEFY', 'XII', 1),
(1088, 'FENY ENDAH AGUSTIN', 'Siswa', 'VHG7WIY', 'XII', 1),
(1089, 'FITRA RIZKI RAMADHAN', 'Siswa', 'GPYIHEK', 'XII', 1),
(1090, 'GILANG DWI PURBO NURRAHMAT', 'Siswa', 'T64NYUV', 'XII', 1),
(1091, 'GISKA ARETA KHANZA', 'Siswa', 'V6B8XPQ', 'XII', 1),
(1092, 'INDAH NURJANNAH', 'Siswa', 'L7EVVF4', 'XII', 1),
(1093, 'KRISNA JEFRIANTO', 'Siswa', 'M489SUH', 'XII', 1),
(1094, 'LILIK AILILAH', 'Siswa', 'J091YZ4', 'XII', 1),
(1095, 'LINA TRIA ADILIA', 'Siswa', 'RSZN9HS', 'XII', 1),
(1096, 'MOCHAMMAD WACHID EFENDI', 'Siswa', '8WLV8FR', 'XII', 1),
(1097, 'MOHAMMAD IMRON', 'Siswa', 'LXVTEC3', 'XII', 1),
(1098, 'MUHAMMAD ALAM SYAH', 'Siswa', 'AR3J8U3', 'XII', 1),
(1099, 'NABILLA EKA SANTOSO', 'Siswa', 'KI20VUC', 'XII', 1),
(1100, 'NOVYTASARI', 'Siswa', 'XSV6M66', 'XII', 1),
(1101, 'PUTRI MALISA DEWI', 'Siswa', '0GC9MUE', 'XII', 1),
(1102, 'REZA TRI FEBRIANA', 'Siswa', 'XD8W3XT', 'XII', 1),
(1103, 'RISKY RAMADANI VIJAYA', 'Siswa', 'SFS4PE4', 'XII', 1),
(1104, 'ROFIDATUL KAROMAH', 'Siswa', '9LJ92Y9', 'XII', 1),
(1105, 'SELLA YULIASTI NINGSIH', 'Siswa', '4KM83LU', 'XII', 1),
(1106, 'SHOFI ARIFANZAH', 'Siswa', 'TASBE7X', 'XII', 1),
(1107, 'SITI JUHARIYA', 'Siswa', 'C6VBA8C', 'XII', 1),
(1108, 'SITI KUMALASARI', 'Siswa', 'AJI37GA', 'XII', 1),
(1109, 'SONY FERDIANTO', 'Siswa', 'NL5S3IE', 'XII', 1),
(1110, 'TOTOK SUGIARTO', 'Siswa', 'RJCIJ4I', 'XII', 1),
(1111, 'TRIA IMELDA', 'Siswa', 'RTIHIXQ', 'XII', 1),
(1112, 'TUTIK WARDANA', 'Siswa', 'MC244W6', 'XII', 1),
(1113, 'YUNIA DWI SULFANA', 'Siswa', 'TEYIBWJ', 'XII', 1),
(1114, 'A. HAKAM', 'Siswa', 'FBVMIUO', 'XII', 3),
(1115, 'ACHMAD FAUZI SEPTIYAN', 'Siswa', 'ARZ6EHD', 'XII', 3),
(1116, 'AFIF ALFAN MAKHSUSH IMAMUL M', 'Siswa', '6CRYKM5', 'XII', 3),
(1117, 'AGUNG DWI CAHYONO PUTRA', 'Siswa', '87908UY', 'XII', 3),
(1118, 'ALAIDIN JAUHARUL MUQAYYAD SYAH', 'Siswa', 'VLIQ8PT', 'XII', 3),
(1119, 'ALFIN BASTIAN YUDA', 'Siswa', 'R76RVPD', 'XII', 3),
(1120, 'ANANDA ALIF SETIAWAN', 'Siswa', 'Q2C8PBD', 'XII', 3),
(1121, 'AZIZATUN HASANAH', 'Siswa', 'GC2F36J', 'XII', 3),
(1122, 'DEVI NURLAELY FITRI', 'Siswa', 'O50Q9FJ', 'XII', 3),
(1123, 'FERI IRAWAN', 'Siswa', 'R6RLZPL', 'XII', 3),
(1124, 'IQBAL SEPTIAN NURUL HUDA', 'Siswa', '08IE9RP', 'XII', 3),
(1125, 'MUHAMMAD MAULANA ISHAQ', 'Siswa', 'NZJEQ0E', 'XII', 3),
(1126, 'NAKITA DEVANIA ADRISTI', 'Siswa', 'ENR1P8Q', 'XII', 3),
(1127, 'PATRIC ROLAND PRIYONO', 'Siswa', 'IJP7FSI', 'XII', 3),
(1128, 'RAKA AUNUL HAQ', 'Siswa', 'CAFQ3YQ', 'XII', 3),
(1129, 'RIZKI DHARMA PUTRANTO', 'Siswa', 'SRGBNFS', 'XII', 3),
(1130, 'SAIFUDIN MUSLIF', 'Siswa', '5DLN4TQ', 'XII', 3),
(1131, 'SULTAN MALIK IHSA ALAMSYAH', 'Siswa', 'RMIQFT4', 'XII', 3),
(1132, 'SYAMSUL HADI', 'Siswa', 'J7NWICJ', 'XII', 3),
(1133, 'TASNIEM DAWIYYAH', 'Siswa', 'BRZZT1D', 'XII', 3),
(1134, 'TIARA AGUSTIN NURAINI', 'Siswa', 'IZU1NED', 'XII', 3),
(1135, 'UMMAIROH MERDAYANI', 'Siswa', 'OA3RQ5V', 'XII', 3),
(1136, 'WELDA MARDIANA', 'Siswa', 'ZG94EXP', 'XII', 3),
(1137, 'AGUNG SETYA BUDI', 'Siswa', '5K0QAN5', 'XII', 3),
(1138, 'AHMAD JUNAIDI', 'Siswa', 'ZZFYWLH', 'XII', 3),
(1139, 'AHMAD SAMSUL ARIFIN', 'Siswa', 'D72BF08', 'XII', 3),
(1140, 'AJI AINURRAHMAN', 'Siswa', 'BAGJZM9', 'XII', 3),
(1141, 'ALI ZAENAL ABIDIN', 'Siswa', 'RBCN09X', 'XII', 3),
(1142, 'AMIRAH AMAR', 'Siswa', 'GPUJEUD', 'XII', 3),
(1143, 'DIANA HELMIA', 'Siswa', '3UV570A', 'XII', 3),
(1144, 'DIMAS HAKIM PUTRA RIZKY', 'Siswa', 'E5MFS0Y', 'XII', 3),
(1145, 'FAIGA MASDA MARGA DITA', 'Siswa', '0AGJKXH', 'XII', 3),
(1146, 'GATOT ISTIQOH HARTONO', 'Siswa', '6NIMHPJ', 'XII', 3),
(1147, 'GUFRON ANDRIYANTO', 'Siswa', 'XHBM0LP', 'XII', 3),
(1148, 'ICHA SULFIANA', 'Siswa', 'RAXA0XO', 'XII', 3),
(1149, 'LUCKY WIJAYA', 'Siswa', 'PFX3B4U', 'XII', 3),
(1150, 'MARSEL WULANDARI', 'Siswa', 'MUM13UR', 'XII', 3),
(1151, 'MEILIA', 'Siswa', 'GVQ6ZZB', 'XII', 3),
(1152, 'MOCHAMMAD FAISAL RISKY', 'Siswa', 'MKDPBOU', 'XII', 3),
(1153, 'MUHAMMAD ANAS ANDRE SAPUTRA', 'Siswa', '77VI2SO', 'XII', 3),
(1154, 'RAHMATULLAH', 'Siswa', 'QXV3RB8', 'XII', 3),
(1155, 'ROBBI SUGARA', 'Siswa', 'R6ZSQXH', 'XII', 3),
(1156, 'RYAN RHESA PUTRA', 'Siswa', 'PCERX5F', 'XII', 3),
(1157, 'SEPTIAN DWIJAYANTO', 'Siswa', 'CMWJ5F0', 'XII', 3),
(1158, 'SITI KARWATI LOKAFITA SARI', 'Siswa', 'ZYIPEQP', 'XII', 3),
(1159, 'YENI LUTFIATUN NIKMAH', 'Siswa', 'F5EWAM1', 'XII', 3),
(1160, 'AGIL DIMAS FERGIANSYAH', 'Siswa', '8PLQGJO', 'XII', 4),
(1161, 'AGUSTIN DEWI WULANDARI', 'Siswa', 'UZF19EU', 'XII', 4),
(1162, 'AHMAD IZZAD', 'Siswa', 'KL7MHBG', 'XII', 4),
(1163, 'ALDA SAPTI HANDAYANI', 'Siswa', 'EZ1550L', 'XII', 4),
(1164, 'ALFINA PUTRI RAMADHANI', 'Siswa', 'XF6IJM2', 'XII', 4),
(1165, 'AMINULLAH', 'Siswa', '7W0LI1L', 'XII', 4),
(1166, 'ATIK ATMANEGARA', 'Siswa', '1V8M20D', 'XII', 4),
(1167, 'AYU DIAN SAFITRI', 'Siswa', 'PXWXN0R', 'XII', 4),
(1168, 'CECILYA GRISELDHA HESTIATY', 'Siswa', 'QQV53RN', 'XII', 4),
(1169, 'DEVI YULISTIA', 'Siswa', '1ONN752', 'XII', 4),
(1170, 'ERA MEYDIA SISKANINGRUM', 'Siswa', 'OT9ZXL6', 'XII', 4),
(1171, 'FADILAH', 'Siswa', 'TWH8OE4', 'XII', 4),
(1172, 'FADILAH EMILIYA ULIL FIRDAUS', 'Siswa', '4OVH1I4', 'XII', 4),
(1173, 'LULU NURTAFIAH APRILIA', 'Siswa', 'W3MOFY3', 'XII', 4),
(1174, 'MOHAMMAD JAELANI', 'Siswa', 'PA99RFA', 'XII', 4),
(1175, 'MOHAMMAD NUR ISLAMIN TAREGA', 'Siswa', '4EXB45B', 'XII', 4),
(1176, 'MOHAMMAD RAGIL', 'Siswa', '2VWVXZR', 'XII', 4),
(1177, 'MUHAMMAD SUHAYMI', 'Siswa', 'YBTLR62', 'XII', 4),
(1178, 'NABILA QUROTUL AYUN', 'Siswa', 'TLRKSBQ', 'XII', 4),
(1179, 'NURUL KAMILA', 'Siswa', 'FETU9RE', 'XII', 4),
(1180, 'OKTAVIA NURUL HABIBA', 'Siswa', '1E64NR8', 'XII', 4),
(1181, 'PUTRI NOFIAN DITA', 'Siswa', 'Q2JXB0T', 'XII', 4),
(1182, 'RAHMAN FADILILLAH HAFIDI', 'Siswa', '9MNIPMX', 'XII', 4),
(1183, 'RISKA AMALIYAH', 'Siswa', '3C8305Z', 'XII', 4),
(1184, 'SHINTA JUNIA NURCAHYA', 'Siswa', '0VGMPXS', 'XII', 4),
(1185, 'SITTI NURYANI', 'Siswa', 'DKNNO7N', 'XII', 4),
(1186, 'TIARA KUSUMA NING TIAS', 'Siswa', 'QPG5R7V', 'XII', 4),
(1187, 'ADISTI YULIAWATI', 'Siswa', '32DGZHD', 'XII', 4),
(1188, 'AHMAD JEFFRY ZAMRONI', 'Siswa', 'K95I6CH', 'XII', 4),
(1189, 'ALIVIA ROSITA WAHYUNI', 'Siswa', '0UIASB0', 'XII', 4),
(1190, 'ANIK ROSIDAH', 'Siswa', '7JRI1AQ', 'XII', 4),
(1191, 'ANITA SARI', 'Siswa', 'NYRBY6U', 'XII', 4),
(1192, 'ARDHA SEPTIA NINGSIH', 'Siswa', 'UBA18WW', 'XII', 4),
(1193, 'DWI PUJI LESTARI', 'Siswa', 'HM3TO61', 'XII', 4),
(1194, 'FATIMATUS ZAHRO', 'Siswa', 'H4CEOZ1', 'XII', 4),
(1195, 'LAILY INAYATUL MAULA', 'Siswa', 'PQWK9ON', 'XII', 4),
(1196, 'LUSIANADEWI', 'Siswa', 'CFHH0LL', 'XII', 4),
(1197, 'MOHAMAD TAUFIK HIDAYAT', 'Siswa', 'RMLHYYC', 'XII', 4),
(1198, 'MOHAMMAD RIZAL RIZKIAWAN', 'Siswa', 'M6ZHDYC', 'XII', 4),
(1199, 'MOHAMMAD UBAIDILLAH', 'Siswa', '9WIJF21', 'XII', 4),
(1200, 'MUHAMMAD DANDI MUSTHOFA', 'Siswa', '6RKR34X', 'XII', 4),
(1201, 'PUTRI AGUSTIN', 'Siswa', 'K5HCUHV', 'XII', 4),
(1202, 'RIF`ATUL WASILAH', 'Siswa', 'GN8HHQQ', 'XII', 4),
(1203, 'RISKA WULANDARI', 'Siswa', 'RMS2EYQ', 'XII', 4),
(1204, 'RISKA YULIANTI', 'Siswa', 'Z3VELQO', 'XII', 4),
(1205, 'RISKI FIRMANSYAH', 'Siswa', '53R1354', 'XII', 4),
(1206, 'ROFI ATUL HASANAH', 'Siswa', 'B07LV8T', 'XII', 4),
(1207, 'SITTYA NINGSIH', 'Siswa', '7HIJMGW', 'XII', 4),
(1208, 'TRIAS NUR LAYLI', 'Siswa', 'SMAB348', 'XII', 4),
(1209, 'WAKIK DATUL HIDAYAH', 'Siswa', '7QUMXR1', 'XII', 4),
(1210, 'WANDA DWI FEBRIYANTI', 'Siswa', '38HLVYO', 'XII', 4),
(1211, 'WILDANIA ROHMATILLAH', 'Siswa', '1JVR34B', 'XII', 4),
(1212, 'ANDIKO', 'Siswa', 'AEP74FK', 'XII', 6),
(1213, 'ANTON BUDI SANTOSO', 'Siswa', '6T0UUGN', 'XII', 6),
(1214, 'APRILIANA DWI CHAHYANI', 'Siswa', 'VMMZVDH', 'XII', 6),
(1215, 'GILANG ROMADHON PURBO PRAKARSA', 'Siswa', 'QYSMS9I', 'XII', 6),
(1216, 'KISMAN MAULANA', 'Siswa', 'XNZK018', 'XII', 6),
(1217, 'M. IRFAN HIDAYAT MAULIDY', 'Siswa', 'HQUQH5U', 'XII', 6),
(1218, 'MARTA NOVA DAMAYANTI', 'Siswa', '4AZTU64', 'XII', 6),
(1219, 'MOCHAMMAD IWAN NURHASAN', 'Siswa', '2SDJJ0C', 'XII', 6),
(1220, 'MUHAMMAD ROSULI', 'Siswa', 'O224TRB', 'XII', 6),
(1221, 'MUHAMMAD SAFIR ADI PRATAMA', 'Siswa', 'CPJ3614', 'XII', 6),
(1222, 'MUHAMMAD SYAHRUL MUBAROK', 'Siswa', '8ZU29PL', 'XII', 6),
(1223, 'NURUL AFIFAH DWI HIDAYATI', 'Siswa', '3M9P6MH', 'XII', 6),
(1224, 'RINI ISTANTI', 'Siswa', 'G8P71O1', 'XII', 6),
(1225, 'VINA ULVIAH', 'Siswa', 'U0XVIUS', 'XII', 6),
(1226, 'YANTI YULIANA', 'Siswa', 'X0OUDTV', 'XII', 6),
(1227, 'YUSSINTA ADINDA PUTRI', 'Siswa', 'MG4U2J1', 'XII', 6),
(1228, 'ADELYA SALSABILAH SANTOSO', 'Siswa', '6FPZP3V', 'XII', 6),
(1229, 'AHMAD FEBRI ZEN', 'Siswa', 'BHJ1KV2', 'XII', 6),
(1230, 'DIKO SANTIOSA', 'Siswa', 'WE3HHFE', 'XII', 6),
(1231, 'DWI SAVIKA', 'Siswa', 'VHCNIP8', 'XII', 6),
(1232, 'HAERUL UMAM', 'Siswa', 'E7QJAYM', 'XII', 6),
(1233, 'HERU NABILA', 'Siswa', 'KOC83SK', 'XII', 6),
(1234, 'HUSNATUL FADILAH', 'Siswa', 'U773PT0', 'XII', 6),
(1235, 'IGNATIA RIZA AULIASARI', 'Siswa', 'UE1QGFP', 'XII', 6),
(1236, 'LAILITA HIDAYATI', 'Siswa', 'GFTBX5C', 'XII', 6),
(1237, 'M. HENDRAWAN', 'Siswa', 'BAN4FNN', 'XII', 6),
(1238, 'M. HILMAN FITRAH HASANI', 'Siswa', '588K819', 'XII', 6),
(1239, 'MOCHAMMAD VERY', 'Siswa', 'CW412WF', 'XII', 6),
(1240, 'MOHAMMAD FA`IS', 'Siswa', '82H0Z36', 'XII', 6),
(1241, 'MUHAMMAD AGUS TOMI', 'Siswa', '0GNMKZ0', 'XII', 6),
(1242, 'MUHAMMAD SAMSUL HADI', 'Siswa', 'D9HE6BY', 'XII', 6),
(1243, 'SOFIA JUMIATUL MAHIROH', 'Siswa', 'MRK60IV', 'XII', 6),
(1244, 'TIRAI SAFIRA SOVIATUN JANNAH', 'Siswa', '2MWTASP', 'XII', 6),
(1245, 'ADILA SANJAYA', 'Siswa', '4A35NJU', 'XII', 5),
(1246, 'AMIR FAISAL KARIMULLAH', 'Siswa', 'GXNLU8J', 'XII', 5),
(1247, 'BAGAS SEPTIAN JASIKA', 'Siswa', 'DOOA63J', 'XII', 5),
(1248, 'DIMAS MULYA PERKASA ERNANTA', 'Siswa', 'GKDMK6P', 'XII', 5),
(1249, 'FARUK MAULANA', 'Siswa', 'E5W6GX2', 'XII', 5),
(1250, 'FIRANDA APRILIANSYAH RIZKY NUGRAHA', 'Siswa', '4ZQL7P8', 'XII', 5),
(1251, 'HENDRAWAN', 'Siswa', '9I720HR', 'XII', 5),
(1252, 'IVANKA RYSKI ADITYA', 'Siswa', 'AGJDC03', 'XII', 5),
(1253, 'KRISNA DWI MAHENDRA', 'Siswa', 'Z5PKTB7', 'XII', 5),
(1254, 'MOCHAMMAD ADJI SULTON MAGROBI', 'Siswa', 'YEGR20O', 'XII', 5),
(1255, 'MOCHAMMAD AINUR RIDHO', 'Siswa', 'ES1D2W0', 'XII', 5),
(1256, 'MOHAMMAD FIRDAUS', 'Siswa', 'VBRAX2E', 'XII', 5),
(1257, 'MOHAMMAD MAULID RIZKI', 'Siswa', 'P92206E', 'XII', 5),
(1258, 'MUHAMMAD DJIDAN', 'Siswa', 'FA2YFSL', 'XII', 5),
(1259, 'MUHAMMAD ISRAUN NUR ZIZOUDANIE', 'Siswa', 'E8KQHK5', 'XII', 5),
(1260, 'RAHADIAN RANDY IRAWAN', 'Siswa', 'DZ2Y1O4', 'XII', 5),
(1261, 'RALFI ANVINAS', 'Siswa', 'WZ2VWG7', 'XII', 5),
(1262, 'RIKO PUTRA DWI SUSANTO', 'Siswa', 'I8AHR27', 'XII', 5),
(1263, 'ABDURROCHMAN FACHRURROZI', 'Siswa', '9SIXQBV', 'XII', 5),
(1264, 'AMINUDIN', 'Siswa', 'YPTQ7MR', 'XII', 5),
(1265, 'ANGGER DWI PRASETIA', 'Siswa', 'A1JGG1E', 'XII', 5),
(1266, 'ARDHANA RIZKY BILYASI', 'Siswa', '62UK0TB', 'XII', 5),
(1267, 'BINTANG KUNJUNG WAHYU', 'Siswa', 'QMMAUMU', 'XII', 5),
(1268, 'DANANG DWI GUSTI FAJAR YANTO', 'Siswa', 'LQVUQSI', 'XII', 5),
(1269, 'DEWA IRVANDA WAHYUDI', 'Siswa', 'K9REP2O', 'XII', 5),
(1270, 'JA`FAR ALI', 'Siswa', 'WQ2TAA5', 'XII', 5),
(1271, 'MOCHAMAD ENDRU ANNAUFAL RISKY', 'Siswa', 'MW70K7F', 'XII', 5),
(1272, 'MOCHAMMAD DIOVANNY ARYANTARA SYAHPUTRA SYIRIZQI', 'Siswa', '2U3KJO6', 'XII', 5),
(1273, 'MOCHAMMAD HAIRULLAH', 'Siswa', '5O19MU0', 'XII', 5),
(1274, 'MUHAMMAD DYLAN RAMADHAN', 'Siswa', 'TWS6YR8', 'XII', 5),
(1275, 'PUTRI HUSWATUN HASANAH', 'Siswa', 'QDLNX8A', 'XII', 5),
(1276, 'PUTRI KHORISUN NI`MAH', 'Siswa', '3IW0ZLI', 'XII', 5),
(1277, 'SEKAR MAULIYAH', 'Siswa', 'F7P532L', 'XII', 5),
(1278, 'SUHARTONO', 'Siswa', 'DQMWNSR', 'XII', 5),
(1279, 'SURYA FAJAR SATRIA', 'Siswa', 'VUQ77LR', 'XII', 5),
(1280, 'TITAN HARYANGGARA', 'Siswa', 'N7O7CG7', 'XII', 5),
(1281, 'AGUNG BAGUS SEMBODO', 'Siswa', 'DMD2EOZ', 'XII', 7),
(1282, 'AGUNG DEREK HARDIANSAH', 'Siswa', 'G2TAVGM', 'XII', 7),
(1283, 'AHMAD DENY', 'Siswa', '2U3Y8GO', 'XII', 7),
(1284, 'AHMAD FAUZI', 'Siswa', 'EFG8X02', 'XII', 7),
(1285, 'ALAIKAL MUNTASHIR', 'Siswa', 'GCVBROM', 'XII', 7),
(1286, 'ANDIKA PRABU RIAN HIDAYAT', 'Siswa', '70D33LJ', 'XII', 7),
(1287, 'AYANI', 'Siswa', '4FNUZBO', 'XII', 7),
(1288, 'DHIAN DWI SANJAYA', 'Siswa', '8LY6FWK', 'XII', 7),
(1289, 'DIDIT BUDIARSO', 'Siswa', 'LY3OEFY', 'XII', 7),
(1290, 'DIMAS ERISMA FAISHOL', 'Siswa', 'W4CTKCZ', 'XII', 7),
(1291, 'ILHAM FIRMANSYAH', 'Siswa', '67A0QYH', 'XII', 7),
(1292, 'IMAM MAULANA', 'Siswa', 'JIB0IRQ', 'XII', 7),
(1293, 'IRFAN EFENDI', 'Siswa', 'MGMWNE2', 'XII', 7),
(1294, 'JEANY ARNANITA WULANDARI', 'Siswa', 'ZFXAB9N', 'XII', 7),
(1295, 'LUTFI BAGAS FADILAH', 'Siswa', 'VVCZKMX', 'XII', 7),
(1296, 'MOCHAMMAD HASAN', 'Siswa', 'IZGCVW2', 'XII', 7),
(1297, 'MOHAMMAD FADIL', 'Siswa', 'V9J7CJJ', 'XII', 7),
(1298, 'MOHAMMAD NOVAL CHEZAR SYAHPUTRA', 'Siswa', 'FJVVQHQ', 'XII', 7),
(1299, 'MOHAMMAD ZAINULLAH', 'Siswa', '9POO2ZC', 'XII', 7),
(1300, 'MUCHAMMAD ANDI RIFAI', 'Siswa', 'XEVAQ7H', 'XII', 7),
(1301, 'MUHAMMAD GHUFRON FIRDAUS', 'Siswa', '7DHAUCI', 'XII', 7),
(1302, 'MUHAMMAD IQBAL DWI NUGROHO', 'Siswa', 'QKEFUJ0', 'XII', 7),
(1303, 'MUHAMMAD ISBED', 'Siswa', 'ZDMKDBL', 'XII', 7),
(1304, 'MUHAMMAD RONI ZAINURI', 'Siswa', 'YKJEUYI', 'XII', 7),
(1305, 'MUHAMMAD ZAKY IKHSAN', 'Siswa', 'Y9HDYQI', 'XII', 7),
(1306, 'MUKHLAS ADI SUJARWO', 'Siswa', 'T3793LN', 'XII', 7),
(1307, 'RISKI ALFANDI', 'Siswa', '33ZN1A1', 'XII', 7),
(1308, 'RIZQI NOOR FAIDZIIN', 'Siswa', 'CUWSD23', 'XII', 7),
(1309, 'RUDI YANTO', 'Siswa', 'YW7628O', 'XII', 7),
(1310, 'THUFFAH TOYYIB BAFADAL', 'Siswa', '67I8H7D', 'XII', 7),
(1311, 'WAIZ GATHAN', 'Siswa', '7M6D65G', 'XII', 7),
(1312, 'YORDAN VITO ZAFIRO', 'Siswa', 'A2Y12TO', 'XII', 7),
(1313, 'ABDUL HALIM KURNIAWAN', 'Siswa', '0KWGT3S', 'XII', 7),
(1314, 'AMAT YOGI SAIFUTRO MAULANA', 'Siswa', 'S897MOI', 'XII', 7),
(1315, 'ANGGITA DWI SUGIARTO', 'Siswa', 'QB2Q81D', 'XII', 7),
(1316, 'ANTON SEBRIANTO', 'Siswa', 'CKGU4VR', 'XII', 7),
(1317, 'AULIA GUSTI RAHMAN', 'Siswa', 'CBFMX9P', 'XII', 7),
(1318, 'BANGKIT RAMADHANY', 'Siswa', 'DER49RQ', 'XII', 7),
(1319, 'BOY DYMAS HIDAYAT', 'Siswa', 'MCNT26D', 'XII', 7),
(1320, 'DIMAS ARIYA PRATAMA', 'Siswa', 'N6FIHOU', 'XII', 7),
(1321, 'FANI DWI SEPTIANI', 'Siswa', 'T7JUVUN', 'XII', 7),
(1322, 'FARUQ AGIL BIL FAQIH', 'Siswa', 'L142D9E', 'XII', 7),
(1323, 'FARUQ AL AZIS', 'Siswa', 'EJXW8L9', 'XII', 7),
(1324, 'FIRDA MONIKA', 'Siswa', 'WLHXC1A', 'XII', 7),
(1325, 'GIANT PAUL IVAN', 'Siswa', 'RNAEIV7', 'XII', 7),
(1326, 'ILHAM TAUFIQUL KHALIQ', 'Siswa', 'FQ2CFAR', 'XII', 7),
(1327, 'ILHAM YULIANTO PERDANA', 'Siswa', '44PZBZE', 'XII', 7),
(1328, 'JIBRIL', 'Siswa', 'T716ZS4', 'XII', 7),
(1329, 'MOCHAMAD RIFALDI SYAH RHOMADHON', 'Siswa', '2NB07TH', 'XII', 7),
(1330, 'MOCHAMMAD GLORICKY PUTRA VANDUENGGA', 'Siswa', 'DLUUFGJ', 'XII', 7),
(1331, 'MOCHAMMAD YONAN FIRMANSYAH', 'Siswa', 'ESBIGKL', 'XII', 7),
(1332, 'MOHAMMAD FATHUR ROZIKIN', 'Siswa', 'MU3V38S', 'XII', 7),
(1333, 'MOHAMMAD NAUFAL RAHMADANI', 'Siswa', '0ONVSL2', 'XII', 7),
(1334, 'MUHAMMAD ALIF ROHMAN', 'Siswa', 'C66VUTY', 'XII', 7),
(1335, 'MUHAMMAD DICKY ACHMADI', 'Siswa', 'DSOH727', 'XII', 7),
(1336, 'MUHAMMAD NUR ILHAM ILAHY', 'Siswa', '1T33WA8', 'XII', 7),
(1337, 'MUHAMMAD RIKI ABDILLAH', 'Siswa', 'HPYPLQ2', 'XII', 7),
(1338, 'MUHAMMAD RIZAL ROZALI', 'Siswa', 'UM8AL0P', 'XII', 7),
(1339, 'NUR AHDANI TUFAILI', 'Siswa', 'KU1CNP3', 'XII', 7),
(1340, 'PRAYOGI ADI SAPUTRA', 'Siswa', '8Z1G49Z', 'XII', 7),
(1341, 'RIZAL BAHRI', 'Siswa', 'S69PH62', 'XII', 7),
(1342, 'RIZHAL GUFALDY', 'Siswa', 'TISG731', 'XII', 7),
(1343, 'SONY BAGUS ARIFIN', 'Siswa', '34B3F6L', 'XII', 7),
(1344, 'SULTON', 'Siswa', 'ZPD0YZY', 'XII', 7),
(1345, 'TAUFIK HIDAYAT', 'Siswa', 'T37NTD5', 'XII', 7),
(1346, 'TIRTA SUKMA BAYU', 'Siswa', 'RW17LON', 'XII', 7),
(1347, 'WAHYU PUTRA ARDANA', 'Siswa', 'KET5MQJ', 'XII', 7),
(1348, 'AHMAD MUKHLISH', 'Siswa', 'KQOY0RL', 'XII', 8),
(1349, 'AJENG HARIDASARI', 'Siswa', 'RI1OFGG', 'XII', 8),
(1350, 'KHAIRIL AMAR', 'Siswa', 'F5ZPDM9', 'XII', 8),
(1351, 'MOHAMMAD ROCKY ANAND', 'Siswa', 'IL5A539', 'XII', 8),
(1352, 'NUR AINI', 'Siswa', 'NRJD4TC', 'XII', 8),
(1353, 'RICO ADITYA NOVIANTO', 'Siswa', '230GXYJ', 'XII', 8),
(1354, 'SITI ROSALINDA MAULIDIYAH', 'Siswa', 'BES5QW8', 'XII', 8),
(1355, 'SITI AISYAH (4-11-2002)', 'Siswa', 'IT2D5TM', 'XI', 2),
(1356, 'SITI AISYAH (20-3-2004)', 'Siswa', 'WWUPDBW', 'XI', 2),
(1480, 'Drs. Muh. Hamka, M.M.Pd.', 'Guru', 'P326RDR', NULL, NULL),
(1481, 'Akhmad Salehudin, S.Ag', 'Guru', 'XSYJFJW', NULL, NULL),
(1482, 'Supriyadi, S.Pd', 'Guru', 'ELNBX2L', NULL, NULL),
(1483, 'Moh. Ghandy Yudha, S.Pd.', 'Guru', 'NYU2GA1', NULL, NULL),
(1484, 'Ha`imron, S.Pd.I', 'Guru', 'WAMM3IP', NULL, NULL),
(1485, 'Muhammad Abrori,S.Pd.I', 'Guru', 'FRMDA7P', NULL, NULL),
(1486, 'Lingga Adhi P', 'Guru', '5X244PL', NULL, NULL),
(1487, 'Maya Wardhani, S.Kom', 'Guru', 'LKA5E0N', NULL, NULL),
(1488, 'Dimas Riskyanto', 'Guru', 'SLGT4EN', NULL, NULL),
(1489, 'Citria Nilam A C W, S.Pd', 'Guru', 'BOJTNZN', NULL, NULL),
(1490, 'Nuning Evana, S.Pd', 'Guru', 'ZJIP4Z1', NULL, NULL),
(1491, 'Sri Purwati, S.Pd', 'Guru', 'D3B70KE', NULL, NULL),
(1492, 'Siswa Wardani, S.Pd', 'Guru', '0RW8W7E', NULL, NULL),
(1493, 'Agus Wahyudi, S.Pd', 'Guru', 'UCOF886', NULL, NULL),
(1494, 'Maryoto, S.Pd', 'Guru', '8X0AQWJ', NULL, NULL),
(1495, 'Mohamad Aksan, S.Pd', 'Guru', 'Y4LJR4J', NULL, NULL),
(1496, 'Prabandari B, S.Pd', 'Guru', 'M0RT2PB', NULL, NULL),
(1497, 'Mimik Suripmiyati, S.Pd', 'Guru', 'Q4KBAU8', NULL, NULL),
(1498, 'Wiyono, S.Pd', 'Guru', 'Q28LCV7', NULL, NULL),
(1499, 'Yayuk', 'Guru', 'TQE0M8S', NULL, NULL),
(1500, 'Rina Wahyu Ningtiyas', 'Guru', '90G1P28', NULL, NULL),
(1501, 'Eko Wahyudianto, S.Pd', 'Guru', '6U32H3C', NULL, NULL),
(1502, 'Nurkhaefi Alviah, S.Pd', 'Guru', 'UE7USXM', NULL, NULL),
(1503, 'Deni Putra Pratama', 'Guru', 'XJGY3ZC', NULL, NULL),
(1504, 'Dini Triana A, S.Pd', 'Guru', 'Y1RVF0J', NULL, NULL),
(1505, 'Elly Florida, S.S.', 'Guru', 'XVST2VF', NULL, NULL),
(1506, 'Ika Puji Rahayu, S.Pd', 'Guru', 'FWKREHV', NULL, NULL),
(1507, 'Rufi Indrianti', 'Guru', 'QMX83ZY', NULL, NULL),
(1508, 'Dwi Atika F', 'Guru', 'CS2S9S1', NULL, NULL),
(1509, 'AW. Hendro Putut W, S.Sn', 'Guru', '61M3QIY', NULL, NULL),
(1510, 'Dita Ageng Dewanti', 'Guru', 'S2EK0JK', NULL, NULL),
(1511, 'Agung Rosarya Elinda', 'Guru', '7KK74CS', NULL, NULL),
(1512, 'Indah Nurhayati, S.Pd', 'Guru', 'IH7RV42', NULL, NULL),
(1513, 'Mariyono, S.Pd', 'Guru', 'NO01QUX', NULL, NULL),
(1514, 'Linda Ratnasari', 'Guru', 'SUAY0JS', NULL, NULL),
(1515, 'Netty Sriwiyanti, S.Pd', 'Guru', 'UHKN5MM', NULL, NULL),
(1516, 'Drs, Didik Cahyono', 'Guru', '2UH9B6H', NULL, NULL),
(1517, 'Dwi Arianto, M.M.', 'Guru', 'KNY8R8S', NULL, NULL),
(1518, 'Ach. Soegianto, S.Pd', 'Guru', 'SPB66H4', NULL, NULL),
(1519, 'Ahmad Naris Albertus', 'Guru', 'LZOZMYN', NULL, NULL),
(1520, 'Juniawan Setianto, S.Si', 'Guru', '32S96QN', NULL, NULL),
(1521, 'Abdur Rasid, M.Pd', 'Guru', 'MAXS2IJ', NULL, NULL),
(1522, 'Hanifah Hamzah, S.Kom', 'Guru', 'LM4XWTP', NULL, NULL),
(1523, 'Nanang Kristanto, S.E.', 'Guru', 'X340JVL', NULL, NULL),
(1524, 'Nur Rakhmi F, S.Pd.', 'Guru', '5WG7LYD', NULL, NULL),
(1525, 'Yetti Agus K, S.Pd.', 'Guru', '3FV9B0L', NULL, NULL),
(1526, 'Lina, S.Pd', 'Guru', 'K2QG0I2', NULL, NULL),
(1527, 'Triyana Agustin, S.Pd', 'Guru', 'THL2CJN', NULL, NULL),
(1528, 'Annik Dwi S', 'Guru', 'DKC34M1', NULL, NULL),
(1529, 'Sri Hastuti, S.E.', 'Guru', 'NGARSLY', NULL, NULL),
(1530, 'A. Haris Susanto, S.Pd', 'Guru', 'KZTFV1C', NULL, NULL),
(1531, 'Nanang Dani R, M.Pd', 'Guru', 'P7B10IK', NULL, NULL),
(1532, 'Dwi Andri H, S.Pd.', 'Guru', 'DRQCVWG', NULL, NULL),
(1533, 'Aning Retno S, M.Pd', 'Guru', 'I55V5L3', NULL, NULL),
(1534, 'Cherie Nugraheni, S.Pd', 'Guru', 'XVE3AE4', NULL, NULL),
(1535, 'Ofrida Ningsih, S.Ab.', 'Guru', 'LV180VJ', NULL, NULL),
(1536, 'Siti Cholifah', 'Guru', '6PJZFJZ', NULL, NULL),
(1537, 'Enny Yuraida, M.M.', 'Guru', 'FWVPNUZ', NULL, NULL),
(1538, 'Sri Mardiati, S.Pd', 'Guru', 'HO47MZH', NULL, NULL),
(1539, 'Nurul Furqonia, M.Pd', 'Guru', 'YKXHB8B', NULL, NULL),
(1540, 'Siti Hasanah Bolkiah', 'Guru', 'F42GWQG', NULL, NULL),
(1541, 'Dian Kurniawan, S.Sn', 'Guru', 'LKHV0P2', NULL, NULL),
(1542, 'Siti Any Maya S, S.Sn', 'Guru', 'LW2XQU1', NULL, NULL),
(1543, 'Nanang Slamet E A, S.Sn', 'Guru', 'QVQ6EP3', NULL, NULL),
(1544, 'Hendro Setyono', 'Guru', '786QU88', NULL, NULL),
(1545, 'Abdi Rahman Afandi, S.E', 'Guru', 'QFFFF1C', NULL, NULL),
(1546, 'Rofiatul Fauziah, M.Pd', 'Guru', '2HTZYEU', NULL, NULL),
(1547, 'Syaiful Bahri, S.T', 'Guru', 'FWO47UL', NULL, NULL),
(1548, 'Ahmad Hamam A, S.Ag', 'Guru', '4R7AE85', NULL, NULL),
(1549, 'Meilida Argitasari, S.Pd', 'Guru', '2EOZN58', NULL, NULL),
(1550, 'Zulfa Rumailah, S.Pd', 'Guru', 'AVGM4MK', NULL, NULL),
(1551, 'Mursid, S.Kom', 'Guru', 'Y8GO8R1', NULL, NULL),
(1552, 'Siti Mudtrikatul Umayrah', 'Guru', '8X025FJ', NULL, NULL),
(1553, 'M. Rizqi Hendrian Pratam', 'Guru', 'BROMUWR', NULL, NULL),
(1554, 'Arif Firmansyah, S.T', 'Guru', '33LJK08', NULL, NULL),
(1555, 'Suci Yuniati, S.Sos', 'Guru', 'UZBOF25', NULL, NULL),
(1556, 'Pepi Wicaksono A D,S.Sos', 'Guru', '6FWK539', NULL, NULL),
(1557, 'Suparto, S.Pd.', 'Guru', 'OEFYSNE', NULL, NULL),
(1558, 'Rocky Febrin Satya Rindh', 'Guru', 'TKCZ6IG', NULL, NULL),
(1559, 'Dian Istiqoma, S.Pd', 'Guru', '0QYHAT4', NULL, NULL),
(1560, 'Agustika Widyastrik', 'Guru', '0IRQ2XN', NULL, NULL),
(1561, 'Idha Darojatin, S.Pd', 'Guru', 'WNE2O71', NULL, NULL),
(1562, 'Arif Subagyo, S.Pd', 'Guru', 'AB9N9LC', NULL, NULL),
(1563, 'Fenny', 'Guru', 'ZKMXRNP', NULL, NULL),
(1564, 'Asih Purwani, S.Pd', 'Guru', 'CVW2W4J', NULL, NULL),
(1565, 'Nur Aida V, S.Pd', 'Guru', '7CJJ7X8', NULL, NULL),
(1566, 'Ahmat Wahyudi', 'Guru', 'VQHQN8H', NULL, NULL),
(1567, 'Fathorasi', 'Guru', 'O2ZCBM4', NULL, NULL),
(1568, 'Anang Kuswoyo', 'Guru', 'AQ7HBFB', NULL, NULL),
(1569, 'Hartono', 'Guru', 'AUCIMOX', NULL, NULL),
(1570, 'Roni Warsih Wijahyatik', 'Guru', 'FUJ0QVY', NULL, NULL),
(1571, 'Wiwin Kartika Sari', 'Guru', 'KDBLWC2', NULL, NULL),
(1572, 'Abdul Razak', 'Guru', 'EUYIE2R', NULL, NULL),
(1573, 'Jamal', 'Guru', 'DYQINSJ', NULL, NULL),
(1574, 'Suwarno Edy Susanto', 'Guru', '93LNBJC', NULL, NULL),
(1575, 'Djuliati', 'Guru', 'N1A11WR', NULL, NULL),
(1576, 'Mat Amin', 'Guru', 'SD23PP9', NULL, NULL),
(1577, 'Samsul Arifin, A.Md', 'Guru', '628OI34', NULL, NULL),
(1578, 'Robi Roni', 'Guru', '8H7DRMS', NULL, NULL),
(1579, 'Yustika Rakhmana Sari', 'Guru', 'D65GNXX', NULL, NULL),
(1580, 'Muhammad Junaedi', 'Guru', '12TODMO', NULL, NULL),
(1581, 'Agus Sugeng Rahardjo', 'Guru', 'Y0RLVY2', NULL, NULL),
(1582, 'Dwi Tirto Cahyo', 'Guru', 'OFGGX6U', NULL, NULL),
(1583, 'M Shaleh', 'Guru', 'PDM97GS', NULL, NULL),
(1584, 'Sugiarto Budi Santoso', 'Guru', 'A539ZIA', NULL, NULL),
(1585, 'M Kusnan', 'Guru', 'D4TC06E', NULL, NULL),
(1586, 'Harianto', 'Guru', 'GXYJ4LM', NULL, NULL),
(1587, 'Yesi K', 'Guru', '5QW8P32', NULL, NULL),
(1588, 'Rina', 'Guru', '2C8ALL0', NULL, NULL),
(1589, 'Ayuningtias', 'Guru', 'N8DJM5K', NULL, NULL),
(1590, 'M Ilyas', 'Guru', 'WHTW7WQ', NULL, NULL),
(1591, 'Sudahnan', 'Guru', 'MUPSMZZ', NULL, NULL),
(1592, 'Slamet Tri', 'Guru', 'IU2RUL4', NULL, NULL),
(1593, 'Abdul Mu\'id', 'Guru', 'KPV9XPI', NULL, NULL),
(1594, 'Deny Hendri', 'Guru', 'VZL8II7', NULL, NULL),
(1595, 'Yuni Dwi Sabtari', 'Guru', 'MSAPVN8', NULL, NULL),
(1596, 'Muhammad Junaidi', 'Guru', '7DY5TQI', NULL, NULL),
(1597, 'Ilham Losandi', 'Guru', '9EB3N6R', NULL, NULL),
(1598, 'Andhi Tri Purwanto', 'Guru', 'PZEQWGP', NULL, NULL),
(1599, 'Ali Akbar Kholillullah', 'Guru', '35BDZ92', NULL, NULL),
(1600, 'Rendi Purnomo Aji S', 'Guru', '95QD3PI', NULL, NULL),
(1601, 'Seli Ayu Hilayliyah', 'Guru', 'JM55ZE8', NULL, NULL),
(1602, 'Sulistiya Nurjannah', 'Guru', '8DU6P5A', NULL, NULL),
(1606, 'faiqatul aliyah', 'Siswa', 'MLSB7VW', 'X', 6),
(1608, 'Afiyatul Abdaniah', 'Siswa', '24XUC9P', 'X', 9),
(1609, 'GEZZA FAIVTRIYAN PERMANA PUTRA', 'Siswa', 'H3LWRRX', 'X', 7),
(1610, 'MOH. SYAHRIL HIDAYAT', 'Siswa', 'KPA5MNT', 'X', 3);

-- --------------------------------------------------------

--
-- Table structure for table `setting`
--

CREATE TABLE `setting` (
  `id` int(2) NOT NULL,
  `name` varchar(50) NOT NULL,
  `value` datetime NOT NULL
) ENGINE=InnoDB DEFAULT CHARSET=latin1;

--
-- Dumping data for table `setting`
--

INSERT INTO `setting` (`id`, `name`, `value`) VALUES
(1, 'start', '2019-10-03 07:00:00'),
(2, 'finish', '2019-10-08 15:00:00');

--
-- Indexes for dumped tables
--

--
-- Indexes for table `admin`
--
ALTER TABLE `admin`
  ADD PRIMARY KEY (`id`);

--
-- Indexes for table `jurusan`
--
ALTER TABLE `jurusan`
  ADD PRIMARY KEY (`id`);

--
-- Indexes for table `kandidat`
--
ALTER TABLE `kandidat`
  ADD PRIMARY KEY (`id`),
  ADD KEY `id_jurusan` (`id_jurusan`);

--
-- Indexes for table `pemilihan`
--
ALTER TABLE `pemilihan`
  ADD PRIMARY KEY (`id`),
  ADD UNIQUE KEY `id_peserta_2` (`id_peserta`),
  ADD KEY `id_peserta` (`id_peserta`),
  ADD KEY `id_kandidat` (`id_kandidat`);

--
-- Indexes for table `peserta`
--
ALTER TABLE `peserta`
  ADD PRIMARY KEY (`id`),
  ADD UNIQUE KEY `qr_code` (`qr_code`),
  ADD KEY `id_jurusan` (`id_jurusan`);

--
-- Indexes for table `setting`
--
ALTER TABLE `setting`
  ADD PRIMARY KEY (`id`);

--
-- AUTO_INCREMENT for dumped tables
--

--
-- AUTO_INCREMENT for table `admin`
--
ALTER TABLE `admin`
  MODIFY `id` int(11) NOT NULL AUTO_INCREMENT, AUTO_INCREMENT=5;

--
-- AUTO_INCREMENT for table `jurusan`
--
ALTER TABLE `jurusan`
  MODIFY `id` int(5) NOT NULL AUTO_INCREMENT, AUTO_INCREMENT=12;

--
-- AUTO_INCREMENT for table `kandidat`
--
ALTER TABLE `kandidat`
  MODIFY `id` int(5) NOT NULL AUTO_INCREMENT, AUTO_INCREMENT=5;

--
-- AUTO_INCREMENT for table `pemilihan`
--
ALTER TABLE `pemilihan`
  MODIFY `id` int(5) NOT NULL AUTO_INCREMENT, AUTO_INCREMENT=1439;

--
-- AUTO_INCREMENT for table `peserta`
--
ALTER TABLE `peserta`
  MODIFY `id` int(5) NOT NULL AUTO_INCREMENT, AUTO_INCREMENT=1611;

--
-- AUTO_INCREMENT for table `setting`
--
ALTER TABLE `setting`
  MODIFY `id` int(2) NOT NULL AUTO_INCREMENT, AUTO_INCREMENT=3;

--
-- Constraints for dumped tables
--

--
-- Constraints for table `kandidat`
--
ALTER TABLE `kandidat`
  ADD CONSTRAINT `kandidat_ibfk_1` FOREIGN KEY (`id_jurusan`) REFERENCES `jurusan` (`id`) ON DELETE CASCADE ON UPDATE CASCADE;

--
-- Constraints for table `pemilihan`
--
ALTER TABLE `pemilihan`
  ADD CONSTRAINT `pemilihan_ibfk_2` FOREIGN KEY (`id_kandidat`) REFERENCES `kandidat` (`id`) ON DELETE CASCADE ON UPDATE CASCADE,
  ADD CONSTRAINT `pemilihan_ibfk_3` FOREIGN KEY (`id_peserta`) REFERENCES `peserta` (`id`);

--
-- Constraints for table `peserta`
--
ALTER TABLE `peserta`
  ADD CONSTRAINT `peserta_ibfk_1` FOREIGN KEY (`id_jurusan`) REFERENCES `jurusan` (`id`);
COMMIT;

/*!40101 SET CHARACTER_SET_CLIENT=@OLD_CHARACTER_SET_CLIENT */;
/*!40101 SET CHARACTER_SET_RESULTS=@OLD_CHARACTER_SET_RESULTS */;
/*!40101 SET COLLATION_CONNECTION=@OLD_COLLATION_CONNECTION */;
